izena	bdb_id
Juan Jose Zubiaurre	https://bdb.bertsozale.eus/web/haitzondo/view/1991-juan-jose-zubiaurre
Jose Juan  Zubieta "Etxabe"	https://bdb.bertsozale.eus/web/haitzondo/view/1993-jose-juan-zubieta-etxabe
Rufino  "Nekazabal"	https://bdb.bertsozale.eus/web/haitzondo/view/1680-rufino-nekazabal
Maialen Saez de Okariz	https://bdb.bertsozale.eus/web/haitzondo/view/3557-maialen-saez-de-okariz
Nagore Irazabal	https://bdb.bertsozale.eus/web/haitzondo/view/3412-nagore-irazabal
Ane Olano	https://bdb.bertsozale.eus/web/haitzondo/view/3652-ane-olano
Mikel Lasarte	https://bdb.bertsozale.eus/web/haitzondo/view/3460-mikel-lasarte
Eñaut Martikorena Lizaso	https://bdb.bertsozale.eus/web/haitzondo/view/3484-enaut-martikorena-lizaso
Iñigo Kortazar	https://bdb.bertsozale.eus/web/haitzondo/view/3643-iigo-kortazar
Sarai Robles	https://bdb.bertsozale.eus/web/haitzondo/view/3551-sarai-robles
Endika Sarabia	https://bdb.bertsozale.eus/web/haitzondo/view/3571-endika-sarabia
Joanes  Etxeto "Senpereko Errient"	https://bdb.bertsozale.eus/web/haitzondo/view/3695-joanes-etxeto-senpereko-errient
Josu  Oiartzabal "Xenpelar"	https://bdb.bertsozale.eus/web/haitzondo/view/3249-josu-oiartzabal-xenpelar
Asier Zubizarreta	https://bdb.bertsozale.eus/web/haitzondo/view/3637-asier-zubizarreta
Edurne Azkarate	https://bdb.bertsozale.eus/web/haitzondo/view/3267-edurne-azkarate
Mikel Barandiaran	https://bdb.bertsozale.eus/web/haitzondo/view/3280-mikel-barandiaran
Markel  Becares "Bino"	https://bdb.bertsozale.eus/web/haitzondo/view/3288-markel-becares-bino
Nagore Beitia	https://bdb.bertsozale.eus/web/haitzondo/view/3295-nagore-beitia
Ainhoa Comas	https://bdb.bertsozale.eus/web/haitzondo/view/3314-ainhoa-comas
Asier Galarza	https://bdb.bertsozale.eus/web/haitzondo/view/3355-asier-galarza
Asier Iriondo	https://bdb.bertsozale.eus/web/haitzondo/view/1076-asier-iriondo
Zigor  Iriondo "Zipri"	https://bdb.bertsozale.eus/web/haitzondo/view/1082-zigor-iriondo-zipri
Hodei Iruretagoiena Albizu	https://bdb.bertsozale.eus/web/haitzondo/view/1086-hodei-iruretagoiena-albizu
Juan  Isasi "Txinotxu"	https://bdb.bertsozale.eus/web/haitzondo/view/1093-juan-isasi-txinotxu
Pedro Iturain	https://bdb.bertsozale.eus/web/haitzondo/view/1099-pedro-iturain
Krixoxtomo Iturain	https://bdb.bertsozale.eus/web/haitzondo/view/1100-krixoxtomo-iturain
Ramon Iturriaga	https://bdb.bertsozale.eus/web/haitzondo/view/1105-ramon-iturriaga
Unai Iturriaga	https://bdb.bertsozale.eus/web/haitzondo/view/1106-unai-iturriaga
Iñaki  Iturriotz "Iturri"	https://bdb.bertsozale.eus/web/haitzondo/view/1110-inaki-iturriotz-iturri
Frantzisko Mari  Iturzaeta "Koostita"	https://bdb.bertsozale.eus/web/haitzondo/view/1112-frantzisko-mari-iturzaeta-koostita
Jose Mari  Izagirre "Itxaspe"	https://bdb.bertsozale.eus/web/haitzondo/view/1113-jose-mari-izagirre-itxaspe
Ibon Iza	https://bdb.bertsozale.eus/web/haitzondo/view/1116-ibon-iza
Akilino  Izagirre "Zepai"	https://bdb.bertsozale.eus/web/haitzondo/view/1118-akilino-izagirre-zepai
Joxe  Izagirre "Attola"	https://bdb.bertsozale.eus/web/haitzondo/view/1120-joxe-izagirre-attola
Xanti  Izagirre "Attola-Berri"	https://bdb.bertsozale.eus/web/haitzondo/view/1121-xanti-izagirre-attola-berri
Iñigo Izagirre	https://bdb.bertsozale.eus/web/haitzondo/view/1123-inigo-izagirre
Jon Iñaki Itzazelaia	https://bdb.bertsozale.eus/web/haitzondo/view/1124-jon-inaki-itzazelaia
Joxe Mari Izeta	https://bdb.bertsozale.eus/web/haitzondo/view/1126-joxe-mari-izeta
Nikolas Izeta	https://bdb.bertsozale.eus/web/haitzondo/view/1127-nikolas-izeta
Joxe Miel  Iztueta "Lazkao Txiki"	https://bdb.bertsozale.eus/web/haitzondo/view/1129-joxe-miel-iztueta-lazkao-txiki
Beñat Astiz	https://bdb.bertsozale.eus/web/haitzondo/view/4436-benat-astiz
Iker Uriarte Urrutia	https://bdb.bertsozale.eus/web/haitzondo/view/4445-iker-uriarte-urrutia
Jontxu Martinez Zarrabeitia	https://bdb.bertsozale.eus/web/haitzondo/view/4446-jontxu-martinez-zarrabeitia
Pedro Joxe  Mujika Bidegain "Anatx"	https://bdb.bertsozale.eus/web/haitzondo/view/4462-pedro-joxe-mujika-bidegain-anatx
Itxaso Piquer	https://bdb.bertsozale.eus/web/haitzondo/view/4471-itxaso-piquer
Aimar Sorazu	https://bdb.bertsozale.eus/web/haitzondo/view/4475-aimar-sorazu
Uxue Alkorta	https://bdb.bertsozale.eus/web/haitzondo/view/4476-uxue-alkorta
Jose  "Brontxe"	https://bdb.bertsozale.eus/web/haitzondo/view/4569-jose-brontxe
Maria Martina Gabarain Mujika	https://bdb.bertsozale.eus/web/haitzondo/view/4635-maria-martina-gabarain-mujika
Maite Sarasola	https://bdb.bertsozale.eus/web/haitzondo/view/4505-maite-sarasola
Maider Altuna	https://bdb.bertsozale.eus/web/haitzondo/view/4515-maider-altuna
Izaro Bilbao	https://bdb.bertsozale.eus/web/haitzondo/view/4518-izaro-bilbao
Ander Ezeiza	https://bdb.bertsozale.eus/web/haitzondo/view/4520-ander-ezeiza
Janire Arrizabalaga	https://bdb.bertsozale.eus/web/haitzondo/view/4521-janire-arrizabalaga
Pierre Duhaldebehere	https://bdb.bertsozale.eus/web/haitzondo/view/4550-pierre-duhaldebehere
Pierre Sempé	https://bdb.bertsozale.eus/web/haitzondo/view/4551-pierre-sempe
Manuela Etxarri	https://bdb.bertsozale.eus/web/haitzondo/view/4571-manuela-etxarri
Maddi Agirre	https://bdb.bertsozale.eus/web/haitzondo/view/4584-maddi-agirre
Eli Zaldua	https://bdb.bertsozale.eus/web/haitzondo/view/4585-eli-zaldua
Ana Picallo	https://bdb.bertsozale.eus/web/haitzondo/view/4589-ana-picallo
Jose Anjel Linzoain	https://bdb.bertsozale.eus/web/haitzondo/view/1290-jose-anjel-linzoain
Inazio Lizarralde	https://bdb.bertsozale.eus/web/haitzondo/view/1294-inazio-lizarralde
Ander Lizarralde Jimeno	https://bdb.bertsozale.eus/web/haitzondo/view/1295-ander-lizarralde-jimeno
Beñat Lizaso	https://bdb.bertsozale.eus/web/haitzondo/view/1300-benat-lizaso
Antonio Lizaso	https://bdb.bertsozale.eus/web/haitzondo/view/1301-antonio-lizaso
Sebastian Lizaso	https://bdb.bertsozale.eus/web/haitzondo/view/1302-sebastian-lizaso
Koxme Lizaso	https://bdb.bertsozale.eus/web/haitzondo/view/1303-koxme-lizaso
Joxe Lizaso	https://bdb.bertsozale.eus/web/haitzondo/view/1304-joxe-lizaso
Joxe  Lizaso Peñagarikano "Olaberri"	https://bdb.bertsozale.eus/web/haitzondo/view/1306-joxe-lizaso-penagarikano-olaberri
Arantzazu Loidi	https://bdb.bertsozale.eus/web/haitzondo/view/1310-arantzazu-loidi
Juan Loiola	https://bdb.bertsozale.eus/web/haitzondo/view/1312-juan-loiola
Miren Loizaga	https://bdb.bertsozale.eus/web/haitzondo/view/1313-miren-loizaga
Justo Longarte	https://bdb.bertsozale.eus/web/haitzondo/view/1314-justo-longarte
Jon Lopategi	https://bdb.bertsozale.eus/web/haitzondo/view/1315-jon-lopategi
Aritz Lopategi	https://bdb.bertsozale.eus/web/haitzondo/view/1316-aritz-lopategi
Eusebio  Lopetegi "Agerre"	https://bdb.bertsozale.eus/web/haitzondo/view/1317-eusebio-lopetegi-agerre
Inixio Joxe  Lopetegi "Agerre"	https://bdb.bertsozale.eus/web/haitzondo/view/1318-inixio-joxe-lopetegi-agerre
Jesus  Lopetegi "Agerre"	https://bdb.bertsozale.eus/web/haitzondo/view/1320-jesus-lopetegi-agerre
Martzelina Lopetegi	https://bdb.bertsozale.eus/web/haitzondo/view/1321-martxelina-lopetegi
Juan Mari Lopez	https://bdb.bertsozale.eus/web/haitzondo/view/1325-juan-mari-lopez
Idoia Granizo	https://bdb.bertsozale.eus/web/haitzondo/view/4147-idoia-granizo
Luis Mari  Larreta "Latu"	https://bdb.bertsozale.eus/web/haitzondo/view/4130-luis-mari-larreta-latu
Pablo Perez Indurain	https://bdb.bertsozale.eus/web/haitzondo/view/4131-pablo-perez-indurain
Andoni  Mujika "Anatx"	https://bdb.bertsozale.eus/web/haitzondo/view/4138-andoni-mujika-anatx
Ekain Alegre	https://bdb.bertsozale.eus/web/haitzondo/view/4149-ekain-alegre
Lierni Rekondo	https://bdb.bertsozale.eus/web/haitzondo/view/4156-lierni-rekondo
Xabier Antia	https://bdb.bertsozale.eus/web/haitzondo/view/4164-xabier-antia
Unai Anda	https://bdb.bertsozale.eus/web/haitzondo/view/4165-unai-anda
Peru Amorrortu	https://bdb.bertsozale.eus/web/haitzondo/view/4166-peru-amorrortu
Markel Yoller	https://bdb.bertsozale.eus/web/haitzondo/view/4168-markel-yoller
Peio  Erramouspe "Manexene"	https://bdb.bertsozale.eus/web/haitzondo/view/4172-peio-erramouspe-manexene
Iñaki Lersundi	https://bdb.bertsozale.eus/web/haitzondo/view/4178-iaki-lersundi
Peio Gezuraga	https://bdb.bertsozale.eus/web/haitzondo/view/4196-peio-gezuraga
Iñaki Aranzadi	https://bdb.bertsozale.eus/web/haitzondo/view/4218-inaki-aranzadi
Ibai Amillategi	https://bdb.bertsozale.eus/web/haitzondo/view/4220-ibai-amillategi
Bikain Urkiri	https://bdb.bertsozale.eus/web/haitzondo/view/4225-bikain-urkiri
Aitor Etxebarriazarraga	https://bdb.bertsozale.eus/web/haitzondo/view/4226-aitor-etxebarriazarraga
Josu Ibarguren	https://bdb.bertsozale.eus/web/haitzondo/view/4281-josu-ibarguren
Haizea Arana	https://bdb.bertsozale.eus/web/haitzondo/view/4284-haizea-arana
Iker Letamendia	https://bdb.bertsozale.eus/web/haitzondo/view/4287-iker-letamendia
Sustrai Colina	https://bdb.bertsozale.eus/web/haitzondo/view/573-sustrai-colina
Johnny Kurutxet	https://bdb.bertsozale.eus/web/haitzondo/view/576-johnny-kurutxet
Mixel Dargaitz	https://bdb.bertsozale.eus/web/haitzondo/view/580-mixel-dargaitz
Lander Diaz De Gereñu	https://bdb.bertsozale.eus/web/haitzondo/view/587-lander-diaz-de-gerenu
Emiliano Diez	https://bdb.bertsozale.eus/web/haitzondo/view/590-emiliano-diez
Jose  Dobaran "Jose Umbe"	https://bdb.bertsozale.eus/web/haitzondo/view/591-jose-dobaran-jose-umbe
Roman Dornaku	https://bdb.bertsozale.eus/web/haitzondo/view/593-roman-dornaku
Urko Egaña Calderon	https://bdb.bertsozale.eus/web/haitzondo/view/601-urko-egana-calderon
Andoni Egaña	https://bdb.bertsozale.eus/web/haitzondo/view/602-andoni-egana
Anastasio  Egia "Altza"	https://bdb.bertsozale.eus/web/haitzondo/view/605-anastasio-egia-altza
Jose Ignazio  Egiguren "Urdanzuri"	https://bdb.bertsozale.eus/web/haitzondo/view/608-jose-ignazio-egiguren-urdanzuri
Jazinto Egiguren	https://bdb.bertsozale.eus/web/haitzondo/view/610-jazinto-egiguren
Jesus  Egiguren "Artañola"	https://bdb.bertsozale.eus/web/haitzondo/view/612-jesus-egiguren-artanola
Igor Eguren	https://bdb.bertsozale.eus/web/haitzondo/view/618-igor-eguren
Estitxu Eizagirre	https://bdb.bertsozale.eus/web/haitzondo/view/623-estitxu-eizagirre
Juan Jose  Eizmendi "Loidisaletxe II"	https://bdb.bertsozale.eus/web/haitzondo/view/626-juan-jose-eizmendi-loidisaletxe-ii
Antonio Mari  Eizmendi "Loidisaletxe"	https://bdb.bertsozale.eus/web/haitzondo/view/627-antonio-mari-eizmendi-loidisaletxe
Juan Jose  Eizmendi "Errexil"	https://bdb.bertsozale.eus/web/haitzondo/view/628-juan-jose-eizmendi-errexil
Jon Eizmendi	https://bdb.bertsozale.eus/web/haitzondo/view/629-jon-eizmendi
Iñaki  Eizmendi "Basarri"	https://bdb.bertsozale.eus/web/haitzondo/view/630-inaki-eizmendi-basarri
Joxe Miel Argiñarena	https://bdb.bertsozale.eus/web/haitzondo/view/268-joxe-miel-argiarena
Jose Mari  Aristondo "Muño"	https://bdb.bertsozale.eus/web/haitzondo/view/274-jose-mari-aristondo-muno
Pablo Joxe Aristorena	https://bdb.bertsozale.eus/web/haitzondo/view/276-pablo-joxe-aristorena
Migel Arozamena	https://bdb.bertsozale.eus/web/haitzondo/view/283-migel-arozamena
Manuel Arozamena	https://bdb.bertsozale.eus/web/haitzondo/view/284-manuel-arozamena
Estitxu Arozena	https://bdb.bertsozale.eus/web/haitzondo/view/285-estitxu-arozena
Eneko Arrate Sololuze	https://bdb.bertsozale.eus/web/haitzondo/view/3175-eneko-arrate-sololuze
Manolo Arozena	https://bdb.bertsozale.eus/web/haitzondo/view/287-manolo-arozena
Jagoba Arrasate	https://bdb.bertsozale.eus/web/haitzondo/view/290-jagoba-arrasate
Joseba  Arregi "Altzu"	https://bdb.bertsozale.eus/web/haitzondo/view/292-joseba-arregi-altzu
Joakin  Arregi "Txe"	https://bdb.bertsozale.eus/web/haitzondo/view/293-joakin-arregi-txe
Maddalen Arrausi	https://bdb.bertsozale.eus/web/haitzondo/view/3239-maddalen-arrausi
Xabier  Arriaga "Txiplas"	https://bdb.bertsozale.eus/web/haitzondo/view/300-xabier-arriaga-txiplas
Jess Arriada	https://bdb.bertsozale.eus/web/haitzondo/view/301-jess-arriada
Bautista Arribillaga	https://bdb.bertsozale.eus/web/haitzondo/view/302-bautista-arribillaga
Agustin  Arrieta "Ibergun"	https://bdb.bertsozale.eus/web/haitzondo/view/304-agustin-arrieta-ibergun
Mikel Arrillaga	https://bdb.bertsozale.eus/web/haitzondo/view/306-mikel-arrillaga
Antton Arriola	https://bdb.bertsozale.eus/web/haitzondo/view/309-antton-arriola
Josu  Arriola "Traman"	https://bdb.bertsozale.eus/web/haitzondo/view/310-josu-arriola-traman
Andere Arriolabengoa	https://bdb.bertsozale.eus/web/haitzondo/view/314-andere-arriolabengoa
Iker Pastor	https://bdb.bertsozale.eus/web/haitzondo/view/3113-iker-pastor
Florentzio Zarraga	https://bdb.bertsozale.eus/web/haitzondo/view/1948-florentzio-zarraga
Patxi Zeberio	https://bdb.bertsozale.eus/web/haitzondo/view/1952-patxi-zeberio
Xabier  Zeberio "Zeberio I"	https://bdb.bertsozale.eus/web/haitzondo/view/1953-xabier-zeberio-zeberio-i
Arkaitz Zelaia	https://bdb.bertsozale.eus/web/haitzondo/view/1957-arkaitz-zelaia
Iñaki Zelaia	https://bdb.bertsozale.eus/web/haitzondo/view/1959-iaki-zelaia
Josu  Zelaia "Bidani"	https://bdb.bertsozale.eus/web/haitzondo/view/1963-josu-zelaia-bidani
Koldo  Zelaia "Etxeberri"	https://bdb.bertsozale.eus/web/haitzondo/view/1964-koldo-zelaia-etxeberri
Patxi Zelaia	https://bdb.bertsozale.eus/web/haitzondo/view/1965-patxi-zelaia
Egoitz Zelaia	https://bdb.bertsozale.eus/web/haitzondo/view/1966-egoitz-zelaia
Julen Zelaieta	https://bdb.bertsozale.eus/web/haitzondo/view/1968-julen-zelaieta
Nikolas Zendoia	https://bdb.bertsozale.eus/web/haitzondo/view/1969-nikolas-zendoia
Aurelio Zendoia	https://bdb.bertsozale.eus/web/haitzondo/view/1970-aurelio-zendoia
Aritz Zerain	https://bdb.bertsozale.eus/web/haitzondo/view/1972-aritz-zerain
Iker Zubeldia	https://bdb.bertsozale.eus/web/haitzondo/view/1982-iker-zubeldia
Miel Frantzisko  Zubeldia "Artxanberri"	https://bdb.bertsozale.eus/web/haitzondo/view/1984-miel-frantzisko-zubeldia-artxanberri
Felix Zubia	https://bdb.bertsozale.eus/web/haitzondo/view/1986-felix-zubia
Eusebio Zubiaga	https://bdb.bertsozale.eus/web/haitzondo/view/1987-eusebio-zubiaga
Hernani Txikia	https://bdb.bertsozale.eus/web/haitzondo/view/1988-hernani-txikia
Aritz Zubiate	https://bdb.bertsozale.eus/web/haitzondo/view/1990-aritz-zubiarte
Fermin Mihura	https://bdb.bertsozale.eus/web/haitzondo/view/1422-fermin-mihura
Roman Mihura	https://bdb.bertsozale.eus/web/haitzondo/view/1423-roman-mihura
Ibon Miner	https://bdb.bertsozale.eus/web/haitzondo/view/1431-ibon-miner
Joakin  Mitxelena "Naparra"	https://bdb.bertsozale.eus/web/haitzondo/view/1432-joakin-mitxelena-naparra
Jose Joakin Mitxelena	https://bdb.bertsozale.eus/web/haitzondo/view/1433-jose-joakin-mitxelena
Joanito Mitxelena	https://bdb.bertsozale.eus/web/haitzondo/view/1437-joanito-mitxelena
Jose Mari  Mitxelena "Aixluxita"	https://bdb.bertsozale.eus/web/haitzondo/view/1439-jose-mari-mitxelena-aixluxita
Manuel Jose  Mitxelena "Eperra"	https://bdb.bertsozale.eus/web/haitzondo/view/1440-manuel-jose-mitxelena-eperra
Asier Sasieta	https://bdb.bertsozale.eus/web/haitzondo/view/3125-asier-sasieta
Gorka Maiz	https://bdb.bertsozale.eus/web/haitzondo/view/3124-gorka-maiz
Jon Mugartegi	https://bdb.bertsozale.eus/web/haitzondo/view/1450-jon-mugartegi
Jose Luis  Mugarza "Elgetzu"	https://bdb.bertsozale.eus/web/haitzondo/view/1454-jose-luis-mugarza-elgetzu
Manex Mujika	https://bdb.bertsozale.eus/web/haitzondo/view/1462-manex-mujika
Bixente Mujika	https://bdb.bertsozale.eus/web/haitzondo/view/1463-bixente-mujika
Dionisio Mujika	https://bdb.bertsozale.eus/web/haitzondo/view/1464-dionisio-mujika
Joxe Mari  Mujika "Anatx"	https://bdb.bertsozale.eus/web/haitzondo/view/1468-joxe-mari-mujika-anatx
Aitzol Barandiaran	https://bdb.bertsozale.eus/web/haitzondo/view/1471-aitzol-barandiaran
Joxe Munduate	https://bdb.bertsozale.eus/web/haitzondo/view/1472-joxe-munduate
Anertz Muniategi	https://bdb.bertsozale.eus/web/haitzondo/view/1473-anertz-muniategi
Igor Muniategi	https://bdb.bertsozale.eus/web/haitzondo/view/1474-igor-muniategi
Xanti Iparragirre	https://bdb.bertsozale.eus/web/haitzondo/view/1032-xanti-iparragirre
Amets Arzallus	https://bdb.bertsozale.eus/web/haitzondo/view/364-amets-arzallus
Zigor Enbeita	https://bdb.bertsozale.eus/web/haitzondo/view/699-zigor-enbeita
Matxin  Irabola "Senpereko Matxin"	https://bdb.bertsozale.eus/web/haitzondo/view/1033-matxin-irabola-senpereko-matxin
Patxi Iraola	https://bdb.bertsozale.eus/web/haitzondo/view/1037-patxi-iraola
Rufino Iraola	https://bdb.bertsozale.eus/web/haitzondo/view/1038-rufino-iraola
Paulo Irazabal Erzilla	https://bdb.bertsozale.eus/web/haitzondo/view/1045-paulo-irazabal-erzilla
Jexux Mari Irazu Muñoa	https://bdb.bertsozale.eus/web/haitzondo/view/1046-jexux-mari-irazu-munoa
Patxi Iriart	https://bdb.bertsozale.eus/web/haitzondo/view/1050-patxi-iriart
Mañez  Iriart	https://bdb.bertsozale.eus/web/haitzondo/view/1051-manez-iriart-inxauspe
Felix Iriarte	https://bdb.bertsozale.eus/web/haitzondo/view/1052-felix-iriarte
Joxe  Iriarte "Ttotto"	https://bdb.bertsozale.eus/web/haitzondo/view/1054-joxe-iriarte-ttotto
Juan Felix  Iriarte "Berjinanto"	https://bdb.bertsozale.eus/web/haitzondo/view/1055-juan-felix-iriarte-berjinanto
Jose Mari  Iriarte "Frantsesa"	https://bdb.bertsozale.eus/web/haitzondo/view/1056-jose-mari-iriarte-frantsesa
Gorka Iribar	https://bdb.bertsozale.eus/web/haitzondo/view/1061-gorka-iribar
Jexux  Iribar "Olalde"	https://bdb.bertsozale.eus/web/haitzondo/view/1064-jexux-iribar-olalde
Bizente Iribekanpos	https://bdb.bertsozale.eus/web/haitzondo/view/1066-bizente-iribekanpos
Josep Mixel  Irigaray "Ohitx"	https://bdb.bertsozale.eus/web/haitzondo/view/1068-josep-mixel-irigaray-ohitx
Jan Battit  Irigaray "Oihantzipi"	https://bdb.bertsozale.eus/web/haitzondo/view/1069-jan-battit-irigaray-oihantzipi
Txomin Iriondo	https://bdb.bertsozale.eus/web/haitzondo/view/1075-txomin-iriondo
Iñigo  Mantzizidor "Mantxi"	https://bdb.bertsozale.eus/web/haitzondo/view/1371-inigo-mantzizidor-mantxi
Luis Manzisidor	https://bdb.bertsozale.eus/web/haitzondo/view/1372-luis-manzisidor
Kristina Mardaras	https://bdb.bertsozale.eus/web/haitzondo/view/1375-kristina-mardaras
Beñat Mardok	https://bdb.bertsozale.eus/web/haitzondo/view/1376-benat-mardok
Felix Mariezkurrena	https://bdb.bertsozale.eus/web/haitzondo/view/1378-felix-mariezkurrena
Anjel Martikorena	https://bdb.bertsozale.eus/web/haitzondo/view/1385-anjel-martikorena
Javier  Martinez "Guti"	https://bdb.bertsozale.eus/web/haitzondo/view/1387-javier-martinez-guti
Alberto  Martinez "Beito"	https://bdb.bertsozale.eus/web/haitzondo/view/1389-alberto-martinez-beito
Maider Martinez	https://bdb.bertsozale.eus/web/haitzondo/view/1391-maider-martinez
Julian Martitegi	https://bdb.bertsozale.eus/web/haitzondo/view/1392-julian-martitegi
Mizel Mateo	https://bdb.bertsozale.eus/web/haitzondo/view/1394-mizel-mateo
Jokin Matxinandiarena	https://bdb.bertsozale.eus/web/haitzondo/view/1397-jokin-matxinandiarena
German Meabebasterretxea	https://bdb.bertsozale.eus/web/haitzondo/view/1399-german-meabebasterretxea
Lander Meaza	https://bdb.bertsozale.eus/web/haitzondo/view/1400-lander-meaza
Unai Mendibil	https://bdb.bertsozale.eus/web/haitzondo/view/1403-unai-mendibil
Jean Pierre Mendiburu	https://bdb.bertsozale.eus/web/haitzondo/view/1404-jean-pierre-mendiburu
Aitor Mendiluze	https://bdb.bertsozale.eus/web/haitzondo/view/1409-aitor-mendiluze
Mikel Mendizabal	https://bdb.bertsozale.eus/web/haitzondo/view/1412-mikel-mendizabal
Igor Menika	https://bdb.bertsozale.eus/web/haitzondo/view/1420-igor-menika
Pierra Merkapide Bartaburu	https://bdb.bertsozale.eus/web/haitzondo/view/1421-pierra-merkapide-bartaburu
Jean Louis  Eizmendi "Errexil II"	https://bdb.bertsozale.eus/web/haitzondo/view/631-jean-louis-eizmendi-errexil-ii
Eusebio  Eizmendi "Txapel"	https://bdb.bertsozale.eus/web/haitzondo/view/632-eusebio-eizmendi-txapel
Aitor Elexpuru	https://bdb.bertsozale.eus/web/haitzondo/view/634-aitor-elexpuru
Bittor Elizagoien	https://bdb.bertsozale.eus/web/haitzondo/view/642-bittor-elizagoien
Lukasia Elizegi	https://bdb.bertsozale.eus/web/haitzondo/view/648-lukasia-elizegi
Joxepa Iñaxi Elizegi Bengoetxea	https://bdb.bertsozale.eus/web/haitzondo/view/649-joxepa-inaxi-elizegi-bengoetxea
Miel Anton Elizegi	https://bdb.bertsozale.eus/web/haitzondo/view/650-miel-anton-elizegi
Mikela Elizegi	https://bdb.bertsozale.eus/web/haitzondo/view/651-mikela-elizegi
Jose Maria  Elizegi "Frailia"	https://bdb.bertsozale.eus/web/haitzondo/view/652-jose-maria-elizegi-frailia
Patruxi Salaberria Isasti	https://bdb.bertsozale.eus/web/haitzondo/view/4636-patruxi-salaberria-isasti
Juan Kruz Elizegi Maiz	https://bdb.bertsozale.eus/web/haitzondo/view/654-juan-kruz-elizegi-maiz
Pello Errota	https://bdb.bertsozale.eus/web/haitzondo/view/655-pello-errota
Sabina Elizegi Maiz	https://bdb.bertsozale.eus/web/haitzondo/view/656-sabina-elizegi-maiz
Jose Agustin  Elola-Olaso "Agustin Zakarra"	https://bdb.bertsozale.eus/web/haitzondo/view/660-jose-agustin-elola-olaso-agustin-zakarra
Juanjo Elordi	https://bdb.bertsozale.eus/web/haitzondo/view/663-juanjo-elordi
Patxi Elorga	https://bdb.bertsozale.eus/web/haitzondo/view/666-patxi-elorga
Unai Elorriaga	https://bdb.bertsozale.eus/web/haitzondo/view/670-unai-elorriaga
Ander Elortegi	https://bdb.bertsozale.eus/web/haitzondo/view/672-ander-elortegi
Igor Elortza	https://bdb.bertsozale.eus/web/haitzondo/view/673-igor-elortza
Jose Ramon Elortza	https://bdb.bertsozale.eus/web/haitzondo/view/674-jose-ramon-elortza
Juan Frantzisko  Elorza "Kortazar"	https://bdb.bertsozale.eus/web/haitzondo/view/677-juan-frantzisko-elorza-kortazar
Luzio  Elorza "Arrola"	https://bdb.bertsozale.eus/web/haitzondo/view/679-luzio-elorza-arrola
Nerea Elustondo	https://bdb.bertsozale.eus/web/haitzondo/view/683-nerea-elustondo
Abel Enbeita	https://bdb.bertsozale.eus/web/haitzondo/view/685-abel-enbeita
Jon Enbeita	https://bdb.bertsozale.eus/web/haitzondo/view/686-jon-enbeita
Moises Enbeita	https://bdb.bertsozale.eus/web/haitzondo/view/687-moises-enbeita
Juan Antonio  Enbeita "Txotxo-Jeuri"	https://bdb.bertsozale.eus/web/haitzondo/view/688-juan-antonio-enbeita-txotxo-jeuri
Oihane Enbeita	https://bdb.bertsozale.eus/web/haitzondo/view/689-oihane-enbeita
Balendin Enbeita	https://bdb.bertsozale.eus/web/haitzondo/view/691-balendin-enbeita
Xabier Enbeita	https://bdb.bertsozale.eus/web/haitzondo/view/694-xabier-enbeita
Onintza Enbeita	https://bdb.bertsozale.eus/web/haitzondo/view/695-onintza-enbeita
Oier Enbeita	https://bdb.bertsozale.eus/web/haitzondo/view/696-oier-enbeita
Kepa  Enbeita "Urretxindorra"	https://bdb.bertsozale.eus/web/haitzondo/view/698-kepa-enbeita-urretxindorra
Jose Mari  Larrañaga Odriozola "Larrumeko Markesa"	https://bdb.bertsozale.eus/web/haitzondo/view/5-jose-mari-larranaga-odriozola-larrumeko-markesa
Txapartegi	https://bdb.bertsozale.eus/web/haitzondo/view/8-txapartegi
Moxo	https://bdb.bertsozale.eus/web/haitzondo/view/10-moxo
Lonjinos	https://bdb.bertsozale.eus/web/haitzondo/view/13-lonjinos
Joxe Migel  Bitoria "Anbuerri"	https://bdb.bertsozale.eus/web/haitzondo/view/14-joxe-migel-bitoria-anbuerri
Ixkiña	https://bdb.bertsozale.eus/web/haitzondo/view/17-ixkina
Txantxo Koblaria	https://bdb.bertsozale.eus/web/haitzondo/view/21-txantxo-koblaria
Peru Abarrategi	https://bdb.bertsozale.eus/web/haitzondo/view/3192-peru-abarrategi
Jexux  Iruretagoiena "Baxakarte"	https://bdb.bertsozale.eus/web/haitzondo/view/1180-jexux-iruretagoiena-baxakarte
Erika Lagoma	https://bdb.bertsozale.eus/web/haitzondo/view/1181-erika-lagoma
Xalbador Laka	https://bdb.bertsozale.eus/web/haitzondo/view/1183-xalbador-laka
Ekintza Landa	https://bdb.bertsozale.eus/web/haitzondo/view/1187-ekintza-landa
Josu Landeta	https://bdb.bertsozale.eus/web/haitzondo/view/1190-josu-landeta
Antonio  Larra "Larra"	https://bdb.bertsozale.eus/web/haitzondo/view/1193-antonio-larra-larra
Jan Piarre  Larralde "Panpale"	https://bdb.bertsozale.eus/web/haitzondo/view/1194-jan-piarre-larralde-panpale
Bernard  Larralde "Bordaxuri"	https://bdb.bertsozale.eus/web/haitzondo/view/3792-bernard-larralde-bordaxuri
Martin  Larralde "Bordaxuri"	https://bdb.bertsozale.eus/web/haitzondo/view/1196-martin-larralde-bordaxuri
Larramendi	https://bdb.bertsozale.eus/web/haitzondo/view/1197-larramendi
Ignazio Larramendi	https://bdb.bertsozale.eus/web/haitzondo/view/1198-ignazio-larramendi
Andoni Larrañaga	https://bdb.bertsozale.eus/web/haitzondo/view/1200-andoni-larranaga
Patxi Barbero	https://bdb.bertsozale.eus/web/haitzondo/view/1203-patxi-barbero
Gregorio  Larrañaga "Mañukorta"	https://bdb.bertsozale.eus/web/haitzondo/view/1204-gregorio-larranaga-manukorta
Anjel Larrañaga	https://bdb.bertsozale.eus/web/haitzondo/view/1206-anjel-larranaga
Antonio Larrarte	https://bdb.bertsozale.eus/web/haitzondo/view/1208-antonio-larrarte
Martzel Larrosa	https://bdb.bertsozale.eus/web/haitzondo/view/1218-martzel-larrosa
Manuel Lasarte	https://bdb.bertsozale.eus/web/haitzondo/view/1229-manuel-lasarte
Eusebio  Lasarte "Lasarte II"	https://bdb.bertsozale.eus/web/haitzondo/view/1230-eusebio-lasarte-lasarte-ii
Orlando Arreitunandia	https://bdb.bertsozale.eus/web/haitzondo/view/2111-orlando-arreitunandia
Iñigo Arzelus	https://bdb.bertsozale.eus/web/haitzondo/view/2141-inigo-arzelus
Ekaitz Astiz	https://bdb.bertsozale.eus/web/haitzondo/view/2146-ekaitz-astiz
Asier Azpiroz Iztueta	https://bdb.bertsozale.eus/web/haitzondo/view/2162-asier-azpiroz-iztueta
Eneko Beretxinaga	https://bdb.bertsozale.eus/web/haitzondo/view/2172-eneko-beretxinaga
German Urteaga Garmendia	https://bdb.bertsozale.eus/web/haitzondo/view/3186-german-urteaga-garmendia
Haritz Casabal	https://bdb.bertsozale.eus/web/haitzondo/view/2189-haritz-casabal
Ximun Cazaubon	https://bdb.bertsozale.eus/web/haitzondo/view/2192-ximun-cazaubon
Egoitz Eizagirre Aduriz	https://bdb.bertsozale.eus/web/haitzondo/view/2217-egoitz-eizagirre-aduriz
Amaia Elizagoien	https://bdb.bertsozale.eus/web/haitzondo/view/2222-amaia-elizagoien
Haritz Mujika	https://bdb.bertsozale.eus/web/haitzondo/view/3183-haritz-mujika
Mixel Etxekopar	https://bdb.bertsozale.eus/web/haitzondo/view/2280-mixel-etxekopar
Amaia Lasaga	https://bdb.bertsozale.eus/web/haitzondo/view/3181-amaia-lasaga
Aritz Garin	https://bdb.bertsozale.eus/web/haitzondo/view/2313-aritz-garin
Unai Gaztelumendi Arandia	https://bdb.bertsozale.eus/web/haitzondo/view/2321-unai-gaztelumendi-arandia
Nerea Ibarzabal	https://bdb.bertsozale.eus/web/haitzondo/view/3391-nerea-ibarzabal
Manu Goiogana	https://bdb.bertsozale.eus/web/haitzondo/view/2333-manu-goiogana
Iker Gorosterrazu	https://bdb.bertsozale.eus/web/haitzondo/view/2344-iker-gorosterrazu
Mikel Herran	https://bdb.bertsozale.eus/web/haitzondo/view/2355-mikel-herran
Bixente Hirigarai	https://bdb.bertsozale.eus/web/haitzondo/view/2358-bixente-hirigarai
Jon  Aiestaran "Txesta"	https://bdb.bertsozale.eus/web/haitzondo/view/90-jon-aiestaran-txesta
Leon Ainziart	https://bdb.bertsozale.eus/web/haitzondo/view/93-leon-ainziart
Fernando  Aire "Xalbador"	https://bdb.bertsozale.eus/web/haitzondo/view/94-fernando-aire-xalbador
Mixel  Aire "Xalbador II"	https://bdb.bertsozale.eus/web/haitzondo/view/95-mixel-aire-xalbador-ii
Joan Ignazio  Odriozola "Aizarna"	https://bdb.bertsozale.eus/web/haitzondo/view/100-joan-ignazio-odriozola-aizarna
Pedro  Aizpurua "Lilibe"	https://bdb.bertsozale.eus/web/haitzondo/view/108-pedro-aizpurua-lilibe
Karlos Aizpurua	https://bdb.bertsozale.eus/web/haitzondo/view/109-karlos-aizpurua
Patxi Aizpurua	https://bdb.bertsozale.eus/web/haitzondo/view/110-patxi-aizpurua
Oier Aizpurua Olaizola	https://bdb.bertsozale.eus/web/haitzondo/view/113-oier-aizpurua-olaizola
Ireneo Ajuria	https://bdb.bertsozale.eus/web/haitzondo/view/119-ireneo-ajuria
Ibon Ajuriagojeaskoa	https://bdb.bertsozale.eus/web/haitzondo/view/120-ibon-ajuriagojeaskoa
Justo Alberdi	https://bdb.bertsozale.eus/web/haitzondo/view/124-justo-alberdi
Jose  Alberdi "Txo"	https://bdb.bertsozale.eus/web/haitzondo/view/125-jose-alberdi-txo
Jesus  Alberdi "Egileor"	https://bdb.bertsozale.eus/web/haitzondo/view/127-jesus-alberdi-egileor
Koldo  Alberdi "Egileor II"	https://bdb.bertsozale.eus/web/haitzondo/view/128-koldo-alberdi-egileor-ii
Martin Alberdi	https://bdb.bertsozale.eus/web/haitzondo/view/129-martin-alberdi
Uxue Alberdi	https://bdb.bertsozale.eus/web/haitzondo/view/130-uxue-alberdi
Bernardo Alberro	https://bdb.bertsozale.eus/web/haitzondo/view/136-bernardo-alberro
Jesus Alberro	https://bdb.bertsozale.eus/web/haitzondo/view/137-jesus-alberro
Joakin Aldabe	https://bdb.bertsozale.eus/web/haitzondo/view/143-joakin-aldabe
Aitor Urbieta Aizpurua	https://bdb.bertsozale.eus/web/haitzondo/view/2642-aitor-urbieta-aizpurua
Imanol Uria	https://bdb.bertsozale.eus/web/haitzondo/view/2647-imanol-uria
Jone Uria Albizuri	https://bdb.bertsozale.eus/web/haitzondo/view/2648-jone-uria-albizuri
Jon Ander Urkiaga	https://bdb.bertsozale.eus/web/haitzondo/view/3602-jon-ander-urkiaga
Maialen Velarde	https://bdb.bertsozale.eus/web/haitzondo/view/2661-maialen-velarde
Peru Vidal	https://bdb.bertsozale.eus/web/haitzondo/view/2664-peru-vidal
Ane Zelaia	https://bdb.bertsozale.eus/web/haitzondo/view/2679-ane-zelaia
Izarne Zelaia	https://bdb.bertsozale.eus/web/haitzondo/view/2681-izarne-zelaia
Felipe Zelaieta	https://bdb.bertsozale.eus/web/haitzondo/view/2685-felipe-zelaieta
Leire Akizu	https://bdb.bertsozale.eus/web/haitzondo/view/2709-leire-akizu
Maialen Akizu	https://bdb.bertsozale.eus/web/haitzondo/view/2710-maialen-akizu
Xan Alkhat	https://bdb.bertsozale.eus/web/haitzondo/view/2712-xan-alkhat
Oier Aranzabal	https://bdb.bertsozale.eus/web/haitzondo/view/2716-oier-aranzabal
Ainhoa Mujika	https://bdb.bertsozale.eus/web/haitzondo/view/2728-ainhoa-mujika
Ramuntxo Christy	https://bdb.bertsozale.eus/web/haitzondo/view/2746-ramuntxo-christy
Mikel Olaizola	https://bdb.bertsozale.eus/web/haitzondo/view/2750-mikel-olaizola
Beñat Torres	https://bdb.bertsozale.eus/web/haitzondo/view/2761-benat-torres
Guillermo  Vegas "Txelmo"	https://bdb.bertsozale.eus/web/haitzondo/view/2762-guillermo-vegas-txelmo
Maria Luisa Petriarena	https://bdb.bertsozale.eus/web/haitzondo/view/3661-maria-luisa-petriarena
Ibai Lekuona	https://bdb.bertsozale.eus/web/haitzondo/view/4795-ibai-lekuona
Basilio Pujana	https://bdb.bertsozale.eus/web/haitzondo/view/1654-basilio-pujana
Ainara Razkin	https://bdb.bertsozale.eus/web/haitzondo/view/1658-ainara-razkin
Inazio Regillaga	https://bdb.bertsozale.eus/web/haitzondo/view/1660-inazio-regillaga
Migel Rekalde	https://bdb.bertsozale.eus/web/haitzondo/view/1662-migel-rekalde
Inazio Rekondo	https://bdb.bertsozale.eus/web/haitzondo/view/1664-inazio-rekondo
Jon Rementeria	https://bdb.bertsozale.eus/web/haitzondo/view/1665-jon-rementeria
Txato Renteria	https://bdb.bertsozale.eus/web/haitzondo/view/1666-txato-renteria
Juanjo Respaldiza	https://bdb.bertsozale.eus/web/haitzondo/view/1667-juanjo-respaldiza
Bizente  Retegi "Musarro"	https://bdb.bertsozale.eus/web/haitzondo/view/1670-bizente-retegi-musarro
Martin  Rezabal "Olaso"	https://bdb.bertsozale.eus/web/haitzondo/view/1671-martin-rezabal-olaso
Agin Laburu	https://bdb.bertsozale.eus/web/haitzondo/view/1672-agin-laburu
Jose Maria Roteta	https://bdb.bertsozale.eus/web/haitzondo/view/1679-jose-maria-roteta
Beltran Sahargun	https://bdb.bertsozale.eus/web/haitzondo/view/1691-beltran-sahargun
Jon Unai Aspe	https://bdb.bertsozale.eus/web/haitzondo/view/3117-jon-unai-aspe
Jesus Saizar	https://bdb.bertsozale.eus/web/haitzondo/view/1694-jesus-saizar
Leandro Salaberria	https://bdb.bertsozale.eus/web/haitzondo/view/1696-leandro-salaberria
Jose Migel  Salaberria Iraola "Panderi"	https://bdb.bertsozale.eus/web/haitzondo/view/1698-jose-migel-salaberria-iraola-panderi
Joxe Angel  Salegi "Lizarreta"	https://bdb.bertsozale.eus/web/haitzondo/view/1701-lizarreta
Jose Antonio  Salegi "Kortatxo"	https://bdb.bertsozale.eus/web/haitzondo/view/1702-jose-antonio-salegi-kortatxo
Kortatxo	https://bdb.bertsozale.eus/web/haitzondo/view/1703-kortatxo
Aitziber Bengoetxea	https://bdb.bertsozale.eus/web/haitzondo/view/3088-aitziber-bengoetxea
Arkaitz Gomez	https://bdb.bertsozale.eus/web/haitzondo/view/3090-arkaitz-gomez
Arrate Illaro Etxebarria	https://bdb.bertsozale.eus/web/haitzondo/view/3091-arrate-illaro-etxebarria
Beñat Vidal	https://bdb.bertsozale.eus/web/haitzondo/view/3094-benat-vidal
Eneko Piedra	https://bdb.bertsozale.eus/web/haitzondo/view/3097-eneko-piedra
Eñaut Uruburu	https://bdb.bertsozale.eus/web/haitzondo/view/3098-eaut-uruburu
Gaizka Urtaran	https://bdb.bertsozale.eus/web/haitzondo/view/3109-gaizka-urtaran
Arrate Gaztelu	https://bdb.bertsozale.eus/web/haitzondo/view/3368-arrate-gaztelu
Ander Gerrikaetxebarria	https://bdb.bertsozale.eus/web/haitzondo/view/3371-ander-gerrikaetxebarria
Koldo Gezuraga	https://bdb.bertsozale.eus/web/haitzondo/view/3375-koldo-gezuraga
Maddalen Arzallus	https://bdb.bertsozale.eus/web/haitzondo/view/365-maddalen-arzallus
Jexus Arzallus	https://bdb.bertsozale.eus/web/haitzondo/view/366-jexus-arzallus
Luis Asea	https://bdb.bertsozale.eus/web/haitzondo/view/369-luis-asea
Jose Antonio  Astigarraga "Torretxiki"	https://bdb.bertsozale.eus/web/haitzondo/view/376-jose-antonio-astigarraga-torretxiki
Jose Antonio  Astigarraga "Mugarrita"	https://bdb.bertsozale.eus/web/haitzondo/view/377-jose-antonio-astigarraga-mugarrita
Xabi Astigarraga	https://bdb.bertsozale.eus/web/haitzondo/view/378-xabi-astigarraga
Andres Astiz Oderiz	https://bdb.bertsozale.eus/web/haitzondo/view/379-andres-astiz-oderiz
Jon Aurre	https://bdb.bertsozale.eus/web/haitzondo/view/387-jon-aurre
Iñaki Azarola	https://bdb.bertsozale.eus/web/haitzondo/view/394-inaki-azarola
Ximon Azarola	https://bdb.bertsozale.eus/web/haitzondo/view/397-simon-azarola
Joxe Joakin  Urbieta "Kaskazuri"	https://bdb.bertsozale.eus/web/haitzondo/view/1847-joxe-joakin-urbieta-kaskazuri
Mikel Urdangarin	https://bdb.bertsozale.eus/web/haitzondo/view/1849-mikel-urdangarin
Jose Luis Urdangarin	https://bdb.bertsozale.eus/web/haitzondo/view/1850-jose-luis-urdangarin
Iban Urdangarin	https://bdb.bertsozale.eus/web/haitzondo/view/1851-iban-urdangarin
Battit Crouspeyre	https://bdb.bertsozale.eus/web/haitzondo/view/3842-battit-crouspeyre
Xiber Uriarte	https://bdb.bertsozale.eus/web/haitzondo/view/1856-xiber-uriarte
Esteban  Uriarte "Utarre"	https://bdb.bertsozale.eus/web/haitzondo/view/1857-esteban-uriarte-utarre
Jesus Uriarte	https://bdb.bertsozale.eus/web/haitzondo/view/1859-jesus-uriarte
Juan Jose Uriarte	https://bdb.bertsozale.eus/web/haitzondo/view/1860-juan-jose-uriarte
Meltxor Uribe	https://bdb.bertsozale.eus/web/haitzondo/view/1864-meltxor-uribe
Mikel Retolaza	https://bdb.bertsozale.eus/web/haitzondo/view/3815-mikel-retolaza
Jose  Urkia Portu "Jose Gaztelu"	https://bdb.bertsozale.eus/web/haitzondo/view/1870-jose-urkia-portu-jose-gaztelu
Juan Bautista  Urkia "Gaztelu"	https://bdb.bertsozale.eus/web/haitzondo/view/1871-juan-bautista-urkia-gaztelu
Gazteluko Gorri	https://bdb.bertsozale.eus/web/haitzondo/view/1872-gazteluko-gorri
Inazio Urkidi	https://bdb.bertsozale.eus/web/haitzondo/view/1873-inazio-urkidi
Eneko Murgiondo	https://bdb.bertsozale.eus/web/haitzondo/view/3115-eneko-murgiondo
Eusebio Urresti	https://bdb.bertsozale.eus/web/haitzondo/view/1879-eusebio-urresti
Manuel Urretabizkaia	https://bdb.bertsozale.eus/web/haitzondo/view/1881-manuel-urretabizkaia
Tiburtzio Urrosolo	https://bdb.bertsozale.eus/web/haitzondo/view/1884-tiburtzio-urrosolo
Jesus Urrutia	https://bdb.bertsozale.eus/web/haitzondo/view/1888-jesus-urrutia
Eñaut Ibarra	https://bdb.bertsozale.eus/web/haitzondo/view/982-eaut-ibarra
Iratxe Ibarra	https://bdb.bertsozale.eus/web/haitzondo/view/983-iratxe-ibarra
Ximun  Ibarra "Zubikoa"	https://bdb.bertsozale.eus/web/haitzondo/view/984-ximun-ibarra-zubikoa
Joanes Ibarra	https://bdb.bertsozale.eus/web/haitzondo/view/985-joanes-ibarra
Pedro Ibarra	https://bdb.bertsozale.eus/web/haitzondo/view/987-pedro-ibarra
Piarres  Ibarrart "Bettiri"	https://bdb.bertsozale.eus/web/haitzondo/view/988-piarres-ibarrart-bettiri
Juan  Ibarzabal "Buztarri"	https://bdb.bertsozale.eus/web/haitzondo/view/990-juan-ibarzabal-buztarri
Karlos Ibarzabal	https://bdb.bertsozale.eus/web/haitzondo/view/992-karlos-ibarzabal
Ortzi Idoate	https://bdb.bertsozale.eus/web/haitzondo/view/995-ortzi-idoate
Iosu Igartua	https://bdb.bertsozale.eus/web/haitzondo/view/996-iosu-igartua
Euxebio Igartzabal	https://bdb.bertsozale.eus/web/haitzondo/view/997-euxebio-igartzabal
Jesus Mari Imaz	https://bdb.bertsozale.eus/web/haitzondo/view/1006-jesus-mari-imaz
Pedro Intxaurraga	https://bdb.bertsozale.eus/web/haitzondo/view/1016-pedro-intxaurraga
Eñaut Intxaurraga	https://bdb.bertsozale.eus/web/haitzondo/view/1017-eaut-intxaurraga
Inazio Intxausti	https://bdb.bertsozale.eus/web/haitzondo/view/1019-inazio-intxausti
Joxe Intxausti	https://bdb.bertsozale.eus/web/haitzondo/view/1021-joxe-intxausti
Jan Battit Inzabi Etxegarai	https://bdb.bertsozale.eus/web/haitzondo/view/1023-jan-battit-inzabi-etxegarai
Jose Inazio  Iñarra "Txintxua"	https://bdb.bertsozale.eus/web/haitzondo/view/1026-jose-inazio-iarra-txintxua
Agurtzane Iñurrategi	https://bdb.bertsozale.eus/web/haitzondo/view/1027-agurtzane-inurrategi
Felix Iñurrategi	https://bdb.bertsozale.eus/web/haitzondo/view/1029-felix-inurrategi
Ion Ansa	https://bdb.bertsozale.eus/web/haitzondo/view/209-ion-ansa
Iñaki Apalategi Astigarraga	https://bdb.bertsozale.eus/web/haitzondo/view/216-inaki-apalategi-astigarraga
Jagoba Apaolaza	https://bdb.bertsozale.eus/web/haitzondo/view/217-jagoba-apaolaza
Manex Apezena	https://bdb.bertsozale.eus/web/haitzondo/view/220-manex-apezena
Auspizio  Arakistain "Etxeberri"	https://bdb.bertsozale.eus/web/haitzondo/view/223-auspizio-arakistain-etxeberri
Antonio Aranbarri	https://bdb.bertsozale.eus/web/haitzondo/view/228-antonio-aranbarri
Jose Aranbarri	https://bdb.bertsozale.eus/web/haitzondo/view/230-jose-migel-aranbarri
Joxepa Antoni  Aranberri "Xenpelar"	https://bdb.bertsozale.eus/web/haitzondo/view/232-joxepa-antoni-aranberri-xenpelar
Peru Aranburu	https://bdb.bertsozale.eus/web/haitzondo/view/240-peru-aranburu
Jose Mari  Aranburu "Gabika"	https://bdb.bertsozale.eus/web/haitzondo/view/242-jose-mari-aranburu-gabika
Joxe Anjel Aranburu	https://bdb.bertsozale.eus/web/haitzondo/view/243-joxe-anjel-aranburu
Pello  Aranburu "Saikola"	https://bdb.bertsozale.eus/web/haitzondo/view/246-pello-aranburu-saikola
Patxi Arteagabeitia	https://bdb.bertsozale.eus/web/haitzondo/view/3645-patxi-arteagabeitia
Sabin Aranburu	https://bdb.bertsozale.eus/web/haitzondo/view/3229-sabin-aranburu
Saioa Arando	https://bdb.bertsozale.eus/web/haitzondo/view/248-saioa-arando
Ezkio Txiki	https://bdb.bertsozale.eus/web/haitzondo/view/253-ezkio-txiki
Irati Astondoa	https://bdb.bertsozale.eus/web/haitzondo/view/3260-irati-astondoa
Alaitz Areitio	https://bdb.bertsozale.eus/web/haitzondo/view/260-alaitz-areitio
Juan Mari Areitio	https://bdb.bertsozale.eus/web/haitzondo/view/261-juan-mari-areitio-ziarda
Joxe Fermin Argiñarena	https://bdb.bertsozale.eus/web/haitzondo/view/267-joxe-fermin-arginarena
Josu Telleria Uriarte	https://bdb.bertsozale.eus/web/haitzondo/view/1795-josu-telleria-uriarte
Izaskun Tellitu	https://bdb.bertsozale.eus/web/haitzondo/view/1801-izaskun-tellitu
Xabier  Terreros Gartzia "Terre"	https://bdb.bertsozale.eus/web/haitzondo/view/1802-xabier-terreros-gartzia-terre
Gorka Tolosa	https://bdb.bertsozale.eus/web/haitzondo/view/1805-gorka-tolosa
Piarres  Topet "Etxahun"	https://bdb.bertsozale.eus/web/haitzondo/view/1806-piarres-topet-etxahun
Mattin  Treku "Mattin"	https://bdb.bertsozale.eus/web/haitzondo/view/1807-mattin
Piarres Trounday	https://bdb.bertsozale.eus/web/haitzondo/view/1809-piarres-trounday
Piarres Trounday	https://bdb.bertsozale.eus/web/haitzondo/view/1810-piarres-trounday
Juana Manuela Irusta	https://bdb.bertsozale.eus/web/haitzondo/view/4572-juana-manuela-irusta-egia
Juan Jose  Ugartemendia "Sorondo"	https://bdb.bertsozale.eus/web/haitzondo/view/1822-juan-jose-ugartemendia-sorondo
Arkaitz Ugartetxea	https://bdb.bertsozale.eus/web/haitzondo/view/1823-arkaitz-ugartetxea
Beñat Ugartetxea	https://bdb.bertsozale.eus/web/haitzondo/view/1824-beat-ugartetxea
Inazio Unamuno	https://bdb.bertsozale.eus/web/haitzondo/view/1825-inazio-unamuno
Egoitz Unamuno	https://bdb.bertsozale.eus/web/haitzondo/view/1826-egoitz-unamuno
Jon Unanue	https://bdb.bertsozale.eus/web/haitzondo/view/1827-jon-unanue
Agustin Unsain	https://bdb.bertsozale.eus/web/haitzondo/view/1830-agustin-unsain
Bittor Uraga	https://bdb.bertsozale.eus/web/haitzondo/view/1833-bittor-uraga
Kepa Urain	https://bdb.bertsozale.eus/web/haitzondo/view/1834-kepa-urain
Jokin Uranga	https://bdb.bertsozale.eus/web/haitzondo/view/1837-jokin-uranga
Manuel  Uranga "Azkonar"	https://bdb.bertsozale.eus/web/haitzondo/view/1839-manuel-uranga-azkonar
Juan Mari Fernandez	https://bdb.bertsozale.eus/web/haitzondo/view/820-juan-mari-fernandez
Estitxu Fernandez	https://bdb.bertsozale.eus/web/haitzondo/view/821-estitxu-fernandez
Uxue Fernandez Lasa	https://bdb.bertsozale.eus/web/haitzondo/view/823-uxue-fernandez-lasa
Jose Mari Gabilondo	https://bdb.bertsozale.eus/web/haitzondo/view/827-jose-mari-gabilondo
Nahikari Gabilondo	https://bdb.bertsozale.eus/web/haitzondo/view/828-nahikari-gabilondo
Bautista Galarregi	https://bdb.bertsozale.eus/web/haitzondo/view/833-bautista-galarregi
Mikel Galarza	https://bdb.bertsozale.eus/web/haitzondo/view/835-mikel-galarza
Xabat Galletebeitia	https://bdb.bertsozale.eus/web/haitzondo/view/839-xabat-galletebeitia
Jose Garaikoetxea	https://bdb.bertsozale.eus/web/haitzondo/view/845-jose-garaikoetxea
Jose  Garate "Bentatxuri"	https://bdb.bertsozale.eus/web/haitzondo/view/851-jose-garate-bentatxuri
Jurgi Garitagoitia	https://bdb.bertsozale.eus/web/haitzondo/view/863-jurgi-garitagoitia
Ortzi Garitano	https://bdb.bertsozale.eus/web/haitzondo/view/864-ortzi-garitano
Patxi  Garmendia "Patxi Laja"	https://bdb.bertsozale.eus/web/haitzondo/view/866-patxi-garmendia-patxi-laja
Txomin Garmendia	https://bdb.bertsozale.eus/web/haitzondo/view/867-txomin-garmendia
Iban Garro	https://bdb.bertsozale.eus/web/haitzondo/view/3367-iban-garro
Beñat Gaztelurrutia	https://bdb.bertsozale.eus/web/haitzondo/view/879-beat-gaztelurrutia
Beñat Gaztelumendi	https://bdb.bertsozale.eus/web/haitzondo/view/880-benat-gaztelumendi
Naroa Geresta	https://bdb.bertsozale.eus/web/haitzondo/view/883-naroa-geresta
Jon Gerrero	https://bdb.bertsozale.eus/web/haitzondo/view/884-jon-gerrero
Juan Ramon Gerriko	https://bdb.bertsozale.eus/web/haitzondo/view/886-juan-ramon-gerriko
Sebastian Salegi	https://bdb.bertsozale.eus/web/haitzondo/view/1704-sebastian-salegi
Lander San Martin	https://bdb.bertsozale.eus/web/haitzondo/view/1706-lander-san-martin
Anjel San Migel	https://bdb.bertsozale.eus/web/haitzondo/view/1707-anjel-san-migel
Isidro San Migel	https://bdb.bertsozale.eus/web/haitzondo/view/1708-isidro-san-migel
Xabier San Migel	https://bdb.bertsozale.eus/web/haitzondo/view/1710-xabier-san-migel
Ruben Sanchez	https://bdb.bertsozale.eus/web/haitzondo/view/1714-ruben-sanchez
Juan Sansiñena	https://bdb.bertsozale.eus/web/haitzondo/view/1715-juan-sansinena
Pedro Santa Kruz	https://bdb.bertsozale.eus/web/haitzondo/view/1716-pedro-santa-kruz
Jesus Anjel Santa Kruz	https://bdb.bertsozale.eus/web/haitzondo/view/1717-jesus-anjel-santa-kruz
Juan Jose  Sarasola "Lexo"	https://bdb.bertsozale.eus/web/haitzondo/view/1728-juan-jose-sarasola-lexo
Alaitz Sarasola	https://bdb.bertsozale.eus/web/haitzondo/view/1731-alaitz-sarasola
Patrizio Sarasola	https://bdb.bertsozale.eus/web/haitzondo/view/1732-patrizio-sarasola
Aitor Sarasua	https://bdb.bertsozale.eus/web/haitzondo/view/1734-aitor-sarasua
Iñaki Sarasua	https://bdb.bertsozale.eus/web/haitzondo/view/1735-inaki-sarasua
Jon Sarasua	https://bdb.bertsozale.eus/web/haitzondo/view/1736-jon-sarasua
Deunoro Sardui	https://bdb.bertsozale.eus/web/haitzondo/view/1741-deunoro-sardui
Aitor Sarriegi	https://bdb.bertsozale.eus/web/haitzondo/view/1744-aitor-sarriegi
Manuel Sarrionandia	https://bdb.bertsozale.eus/web/haitzondo/view/1745-manuel-sarrionandia
Garikoitz Sarriugarte	https://bdb.bertsozale.eus/web/haitzondo/view/1748-garikoitz-sarriugarte
Maiteder Sasieta	https://bdb.bertsozale.eus/web/haitzondo/view/1751-maiteder-sasieta
Aetz Etxart	https://bdb.bertsozale.eus/web/haitzondo/view/4597-aetz-etxart
Joxepa Lekuona Aranburu	https://bdb.bertsozale.eus/web/haitzondo/view/4786-joxepa-lekuona-aranburu
Jokin Ansotegi	https://bdb.bertsozale.eus/web/haitzondo/view/4611-jokin-ansotegi
Peio Lago	https://bdb.bertsozale.eus/web/haitzondo/view/4612-peio-lago
Bittori Elizalde	https://bdb.bertsozale.eus/web/haitzondo/view/4620-bittori-elizalde
Ander Elorriaga	https://bdb.bertsozale.eus/web/haitzondo/view/4626-ander-elorriaga
Irune Basagoiti	https://bdb.bertsozale.eus/web/haitzondo/view/4629-irune-basagoiti
Joxepa Mitxelena	https://bdb.bertsozale.eus/web/haitzondo/view/4634-joxepa-mitxelena
Maria Asunzion Azeo Ezkerra	https://bdb.bertsozale.eus/web/haitzondo/view/4637-maria-azeo-ezkerra
Araitz Katarain	https://bdb.bertsozale.eus/web/haitzondo/view/4694-araitz-katarain
Irati Agesta	https://bdb.bertsozale.eus/web/haitzondo/view/4702-irati-agesta
Eki Mateorena	https://bdb.bertsozale.eus/web/haitzondo/view/4744-eki-mateorena
Batixta Borthiry-Sala	https://bdb.bertsozale.eus/web/haitzondo/view/4749-batixta-borthiry-sala
Bittor Salterain	https://bdb.bertsozale.eus/web/haitzondo/view/4865-bittor-salterain
Pedro  Ortuzar "Iturri"	https://bdb.bertsozale.eus/web/haitzondo/view/1574-pedro-ortuzar-iturri
Iker Osa	https://bdb.bertsozale.eus/web/haitzondo/view/1579-iker-osa
Leire Ostolaza	https://bdb.bertsozale.eus/web/haitzondo/view/1581-leire-ostolaza
Gorka  Ostolaza "Potxis"	https://bdb.bertsozale.eus/web/haitzondo/view/1582-gorka-ostolaza-potxis
Joseba Ostolaza	https://bdb.bertsozale.eus/web/haitzondo/view/1584-joseba-ostolaza
Asier Otamendi	https://bdb.bertsozale.eus/web/haitzondo/view/1587-asier-otamendi
Andoni Otamendi	https://bdb.bertsozale.eus/web/haitzondo/view/1588-andoni-otamendi
Luis Otamendi	https://bdb.bertsozale.eus/web/haitzondo/view/1589-luis-otamendi
Eneritz Otamendi	https://bdb.bertsozale.eus/web/haitzondo/view/1590-eneritz-otamendi
Meltxor Otamendi	https://bdb.bertsozale.eus/web/haitzondo/view/1593-meltxor-otamendi
Migel Antonio  Otamendi "Larraburu"	https://bdb.bertsozale.eus/web/haitzondo/view/1594-migel-antonio-otamendi-larraburu
Iñaki Otaño	https://bdb.bertsozale.eus/web/haitzondo/view/1596-inaki-otano
Joxe Bernardo  Otaño "Baria"	https://bdb.bertsozale.eus/web/haitzondo/view/1597-jose-bernardo-otao-baria
Pedro Mari  Otaño Tapia "Errekalde Zaharra"	https://bdb.bertsozale.eus/web/haitzondo/view/1598-pedro-mari-otano-tapia-errekalde-zaharra
Bartolo  Otegi "Apakintza"	https://bdb.bertsozale.eus/web/haitzondo/view/1599-bartolo-otegi-apakintza
Joanes  Oxalde	https://bdb.bertsozale.eus/web/haitzondo/view/1601-joanes-oxalde
Maider Otxandorena Zubeltzu	https://bdb.bertsozale.eus/web/haitzondo/view/1603-maider-otxandorena-zubeltzu
Balentin Otxoteko Porto	https://bdb.bertsozale.eus/web/haitzondo/view/1605-balentin-otxoteko-porto
Juan Mari  Otxotorena "Altzeako Itsua"	https://bdb.bertsozale.eus/web/haitzondo/view/1607-juan-mari-otxotorena-altzeako-itsua
Peli Pagazaortundua	https://bdb.bertsozale.eus/web/haitzondo/view/1609-peli-pagazaortundua
Josu Aldama	https://bdb.bertsozale.eus/web/haitzondo/view/149-josu-aldama
Aitor Aldasoro	https://bdb.bertsozale.eus/web/haitzondo/view/153-aitor-aldasoro
Anjel Aldaz	https://bdb.bertsozale.eus/web/haitzondo/view/157-anjel-aldaz
Juan Jose  Alkain "Udarregi"	https://bdb.bertsozale.eus/web/haitzondo/view/165-juan-jose-alkain-udarregi
Txaber Altube	https://bdb.bertsozale.eus/web/haitzondo/view/3209-txaber-altube
Fernando  Alkain "Alkain Zaharra"	https://bdb.bertsozale.eus/web/haitzondo/view/167-fernando-alkain
Ernest Alkhat	https://bdb.bertsozale.eus/web/haitzondo/view/169-ernest-alkhat
Louis Alkhat	https://bdb.bertsozale.eus/web/haitzondo/view/170-louis-alkhat
Egoitz Alkorta	https://bdb.bertsozale.eus/web/haitzondo/view/172-egoitz-alkorta
Joxe Mari Altuna Etxabe	https://bdb.bertsozale.eus/web/haitzondo/view/176-joxe-mari-altuna-etxabe
Lierni Altuna	https://bdb.bertsozale.eus/web/haitzondo/view/178-lierni-altuna
Enaitz Alustiza	https://bdb.bertsozale.eus/web/haitzondo/view/179-enaitz-alustiza
Iker Alustiza	https://bdb.bertsozale.eus/web/haitzondo/view/180-iker-alustiza
Mikel Altzuart	https://bdb.bertsozale.eus/web/haitzondo/view/186-mikel-altzuart
Txomin Amorena	https://bdb.bertsozale.eus/web/haitzondo/view/191-txomin-amorena
Gaizka Amondarain	https://bdb.bertsozale.eus/web/haitzondo/view/192-gaizka-amondarain
Xabier Amuriza	https://bdb.bertsozale.eus/web/haitzondo/view/194-xabier-amuriza
Saioa Amuriza	https://bdb.bertsozale.eus/web/haitzondo/view/197-saioa-amuriza
Jose Luis Anakabe	https://bdb.bertsozale.eus/web/haitzondo/view/199-jose-luis-anakabe
Irati Anda	https://bdb.bertsozale.eus/web/haitzondo/view/200-irati-anda
Jose Antonio  Gonzalez "Urrusti"	https://bdb.bertsozale.eus/web/haitzondo/view/927-jose-antonio-gonzalez-urrusti
Jesus Goñi	https://bdb.bertsozale.eus/web/haitzondo/view/930-jesus-goni
Luzia Goñi Olias	https://bdb.bertsozale.eus/web/haitzondo/view/931-luzia-goni-olias
Iker Goñi	https://bdb.bertsozale.eus/web/haitzondo/view/934-iker-goni
Bixente Gorostidi	https://bdb.bertsozale.eus/web/haitzondo/view/937-bixente-gorostidi
Jose Luis Gorrotxategi	https://bdb.bertsozale.eus/web/haitzondo/view/941-jose-luis-gorrotxategi
Iñaki Gurrutxaga	https://bdb.bertsozale.eus/web/haitzondo/view/947-iaki-gurrutxaga
Jose Mari Gurtubai	https://bdb.bertsozale.eus/web/haitzondo/view/948-jose-mari-gurtubai
Iskandar  Hamaway "Iski"	https://bdb.bertsozale.eus/web/haitzondo/view/949-iskandar-hamaway-iski
Jean Louis  Harinordoki "Laka"	https://bdb.bertsozale.eus/web/haitzondo/view/951-jean-louis-harinordoki-laka
Joanes  Harriet "Premundo"	https://bdb.bertsozale.eus/web/haitzondo/view/952-joanes-harriet-premundo
Manex Hiriart	https://bdb.bertsozale.eus/web/haitzondo/view/955-manex-hiriart
Josetxo Iantzi	https://bdb.bertsozale.eus/web/haitzondo/view/963-josetxo-iantzi
Paulo Iantzi	https://bdb.bertsozale.eus/web/haitzondo/view/967-paulo-iantzi
Bittor Ibarbia	https://bdb.bertsozale.eus/web/haitzondo/view/970-bittor-ibarbia
Nikolas Ibarguengoitia	https://bdb.bertsozale.eus/web/haitzondo/view/971-nikolas-ibarguengoitia
Kaxiano Ibarguren	https://bdb.bertsozale.eus/web/haitzondo/view/973-kaxiano-ibarguren
Miren Ibarluzea	https://bdb.bertsozale.eus/web/haitzondo/view/978-miren-ibarluzea
Lander  Ibarluzea "Aitxulua"	https://bdb.bertsozale.eus/web/haitzondo/view/979-lander-ibarluzea-aitxulua
Iñigo Ibarra	https://bdb.bertsozale.eus/web/haitzondo/view/980-inigo-ibarra
Josu Campo	https://bdb.bertsozale.eus/web/haitzondo/view/3116-josu-campo
Jose Mari  Segurola "Uztarri"	https://bdb.bertsozale.eus/web/haitzondo/view/1757-jose-mari-segurola-uztarri
Manuel  Sein "Xanpun"	https://bdb.bertsozale.eus/web/haitzondo/view/1759-manuel-sein-xanpun
Xabier Silveira	https://bdb.bertsozale.eus/web/haitzondo/view/1762-xabier-silveira
Soraluze Azkarate  "Koxkola"	https://bdb.bertsozale.eus/web/haitzondo/view/1766-soraluze-azkarate-koxkola
Diego  Soraluze "Otsolarre"	https://bdb.bertsozale.eus/web/haitzondo/view/1767-diego-soraluze-otsolarre
Jose Manuel  Soraluze Azkarate "Muno"	https://bdb.bertsozale.eus/web/haitzondo/view/1768-jose-manuel-soraluze-azkarate-muno
Joxe Antonio  Soraso "Zubeltzu"	https://bdb.bertsozale.eus/web/haitzondo/view/1769-joxe-antonio-soraso-zubeltzu
Joxe Mari  Sorozabal "Asteasu"	https://bdb.bertsozale.eus/web/haitzondo/view/1772-joxe-mari-sorozabal-asteasu
Jokin Sorozabal	https://bdb.bertsozale.eus/web/haitzondo/view/1773-jokin-sorozabal
Jean Pierre  Soudre "Larreko"	https://bdb.bertsozale.eus/web/haitzondo/view/1775-jean-pierre-soudre-larreko
Pablo Suberbiola	https://bdb.bertsozale.eus/web/haitzondo/view/1777-pablo-suberbiola
Jose Suinaga	https://bdb.bertsozale.eus/web/haitzondo/view/1779-jose-suinaga
Xabier Sukia	https://bdb.bertsozale.eus/web/haitzondo/view/1780-xabier-sukia
Garazi Taberna	https://bdb.bertsozale.eus/web/haitzondo/view/1784-garazi-taberna
Mikel Taberna	https://bdb.bertsozale.eus/web/haitzondo/view/1785-mikel-taberna
Argiñe Tejada	https://bdb.bertsozale.eus/web/haitzondo/view/1790-argie-tejada
Francisco  Tejado "Patxi Tellatu"	https://bdb.bertsozale.eus/web/haitzondo/view/1791-francisco-tejado-patxi-tellatu
Jose Telleria	https://bdb.bertsozale.eus/web/haitzondo/view/1792-jose-telleria
Millan Telleria	https://bdb.bertsozale.eus/web/haitzondo/view/1794-millan-telleria
Olatz Ibarluzea	https://bdb.bertsozale.eus/web/haitzondo/view/2366-olatz-ibarluzea
Mintxo Astiz Goñi	https://bdb.bertsozale.eus/web/haitzondo/view/3852-mintxo-astiz-goni
Iker Ibarrola	https://bdb.bertsozale.eus/web/haitzondo/view/2370-iker-ibarrola
Joanes Igeregi	https://bdb.bertsozale.eus/web/haitzondo/view/2373-joanes-igeregi
Xabi Igoa	https://bdb.bertsozale.eus/web/haitzondo/view/2374-xabi-igoa
Jose Luis  Barberia "Zili"	https://bdb.bertsozale.eus/web/haitzondo/view/3176-jose-luis-barberia-zili
Aissa Intxausti	https://bdb.bertsozale.eus/web/haitzondo/view/3402-aissa-intxausti
Ioar Tainta	https://bdb.bertsozale.eus/web/haitzondo/view/2386-ioar-tainta
Elyem Chej	https://bdb.bertsozale.eus/web/haitzondo/view/3173-elyem-chej
Javi Isasi Flores	https://bdb.bertsozale.eus/web/haitzondo/view/2415-javi-isasi-flores
Xabier Iturraspe	https://bdb.bertsozale.eus/web/haitzondo/view/2420-xabier-iturraspe
Amaia Iturriotz Etxaniz	https://bdb.bertsozale.eus/web/haitzondo/view/2422-amaia-iturriotz-etxaniz
Aimar Karrika	https://bdb.bertsozale.eus/web/haitzondo/view/2443-aimar-karrika
Jokin Labayen	https://bdb.bertsozale.eus/web/haitzondo/view/2448-jokin-labayen
Sahats Aleman	https://bdb.bertsozale.eus/web/haitzondo/view/3850-sahats-aleman
Oier Lakuntza	https://bdb.bertsozale.eus/web/haitzondo/view/2456-oier-lakuntza
Arnaitz Lasarte	https://bdb.bertsozale.eus/web/haitzondo/view/2465-arnaitz-lasarte
Xabi Lasa Arrizabalaga	https://bdb.bertsozale.eus/web/haitzondo/view/2467-xabi-lasa-arrizabalaga
Bixente Luku	https://bdb.bertsozale.eus/web/haitzondo/view/2488-bixente-luku
Manex Mantxola	https://bdb.bertsozale.eus/web/haitzondo/view/2496-manex-mantxola
Unai  Agirre Erezuma "Pako"	https://bdb.bertsozale.eus/web/haitzondo/view/4298-unai-agirre-erezuma-pako
Naroa Torralba	https://bdb.bertsozale.eus/web/haitzondo/view/4299-naroa-torralba
Gorka Pagonabarraga	https://bdb.bertsozale.eus/web/haitzondo/view/4300-gorka-pagonabarraga
Beñat Molina	https://bdb.bertsozale.eus/web/haitzondo/view/4303-benat-molina
Eneko Barruetabeña	https://bdb.bertsozale.eus/web/haitzondo/view/4305-eneko-barruetabena
Ander Sarriugarte	https://bdb.bertsozale.eus/web/haitzondo/view/4306-ander-sarriugarte
Maider Barañano	https://bdb.bertsozale.eus/web/haitzondo/view/4327-maider-baraano
Iker Apraiz	https://bdb.bertsozale.eus/web/haitzondo/view/4335-iker-apraiz
Mikel Aiartzaguena	https://bdb.bertsozale.eus/web/haitzondo/view/4340-mikel-aiartzaguena
Iker  Ormazabal "Tturko"	https://bdb.bertsozale.eus/web/haitzondo/view/4342-iker-ormazabal-tturko
Unai Izagirre	https://bdb.bertsozale.eus/web/haitzondo/view/4352-unai-izagirre
Aitor Irastortza Arrizurieta	https://bdb.bertsozale.eus/web/haitzondo/view/4354-aitor-irastortza-arrizurieta
Asier Urkiza	https://bdb.bertsozale.eus/web/haitzondo/view/4370-asier-urkiza
Garazi Navarro Ugarteburu	https://bdb.bertsozale.eus/web/haitzondo/view/4371-garazi-navarro-ugarteburu
Nahia Ibarzabal	https://bdb.bertsozale.eus/web/haitzondo/view/4372-nahia-ibarzabal
Peru Irastortza	https://bdb.bertsozale.eus/web/haitzondo/view/4376-peru-irastortza
Peru Astigarraga	https://bdb.bertsozale.eus/web/haitzondo/view/4380-peru-astigarraga
Maddalen Ruesgas	https://bdb.bertsozale.eus/web/haitzondo/view/4439-maddalen-ruesgas
Peru Aiartza	https://bdb.bertsozale.eus/web/haitzondo/view/4401-peru-aiartza
Aner  "Euzkitze"	https://bdb.bertsozale.eus/web/haitzondo/view/4414-aner-euzkitze
Markel Arriolabengoa	https://bdb.bertsozale.eus/web/haitzondo/view/315-markel-arriolabengoa
Iñigo Arrizabalaga	https://bdb.bertsozale.eus/web/haitzondo/view/316-inigo-arrizabalaga
Jon Ugutz  Arrizabalaga Bazterretxea "Arri"	https://bdb.bertsozale.eus/web/haitzondo/view/317-jon-ugutz-arrizabalaga-bazterretxea
Xabier  Arrizabalaga "Ziarda"	https://bdb.bertsozale.eus/web/haitzondo/view/319-xabier-arrizabalaga-ziarda
Gratien Alfaro	https://bdb.bertsozale.eus/web/haitzondo/view/3174-gratien-alfaro
Aritz Arrizabalaga	https://bdb.bertsozale.eus/web/haitzondo/view/320-aritz-arrizabalaga
Joanes  Arrosagarai	https://bdb.bertsozale.eus/web/haitzondo/view/323-joanes-arrosagarai
Frantzisko Arruti	https://bdb.bertsozale.eus/web/haitzondo/view/329-frantzisko-arruti
Agustin  Arruti "Izuela"	https://bdb.bertsozale.eus/web/haitzondo/view/332-agustin-arruti-izuela
Juan Bautista Artano	https://bdb.bertsozale.eus/web/haitzondo/view/336-juan-bautista-artano
Eneritz Artetxe Eizagirre	https://bdb.bertsozale.eus/web/haitzondo/view/340-eneritz-artetxe-eizagirre
Inazio Artetxe	https://bdb.bertsozale.eus/web/haitzondo/view/341-inazio-artetxe
Jose Maria Artetxe	https://bdb.bertsozale.eus/web/haitzondo/view/342-jose-maria-artetxe
Miren Artetxe	https://bdb.bertsozale.eus/web/haitzondo/view/345-miren-artetxe
Juan Artola	https://bdb.bertsozale.eus/web/haitzondo/view/352-juan-artola
Joseba Artza	https://bdb.bertsozale.eus/web/haitzondo/view/358-joseba-artza
Imanol Epelde	https://bdb.bertsozale.eus/web/haitzondo/view/701-imanol-epelde
Patxi  Erauskin "Patxi Errota"	https://bdb.bertsozale.eus/web/haitzondo/view/703-patxi-erauskin-patxi-errota
Xaturnino  Erauskin "Altzako Gaxtelu"	https://bdb.bertsozale.eus/web/haitzondo/view/704-xaturnino-erauskin-altzako-gaxtelu
Damian  Erdaide "Okana"	https://bdb.bertsozale.eus/web/haitzondo/view/705-damian-erdaide-okana
Abel Muniategi	https://bdb.bertsozale.eus/web/haitzondo/view/1475-abel-muniategi
Erramun Muniozguren	https://bdb.bertsozale.eus/web/haitzondo/view/1477-erramun-muniozguren
Unai Muñoa	https://bdb.bertsozale.eus/web/haitzondo/view/1480-unai-muoa
Fermin Muñoa	https://bdb.bertsozale.eus/web/haitzondo/view/1481-fermin-munoa
Maindi Murua	https://bdb.bertsozale.eus/web/haitzondo/view/1484-maindi-murua
Xumai Murua	https://bdb.bertsozale.eus/web/haitzondo/view/1485-xumai-murua
Iñaki Murua	https://bdb.bertsozale.eus/web/haitzondo/view/1488-inaki-murua
Martzelino Murua	https://bdb.bertsozale.eus/web/haitzondo/view/1490-martzelino-murua
Jose Mari Mutuberria	https://bdb.bertsozale.eus/web/haitzondo/view/1493-jose-mari-mutuberria
Juan Mari Narbaiza	https://bdb.bertsozale.eus/web/haitzondo/view/1496-juan-mari-narbaiza
Xabier Narbarte	https://bdb.bertsozale.eus/web/haitzondo/view/1497-xabier-narbarte
Andres  Narbarte "Xalto"	https://bdb.bertsozale.eus/web/haitzondo/view/1498-andres-narbarte-xalto
Xabier Nazabal	https://bdb.bertsozale.eus/web/haitzondo/view/1500-xabier-nazabal
Beñat Oribe	https://bdb.bertsozale.eus/web/haitzondo/view/3119-beat-oribe
Iñaki Odriozola	https://bdb.bertsozale.eus/web/haitzondo/view/1505-inaki-odriozola
Jose Inazio  Odriozola "Sokin"	https://bdb.bertsozale.eus/web/haitzondo/view/1506-jose-inazio-odriozola-sokin
Josu  Oiartzabal "Xamoa"	https://bdb.bertsozale.eus/web/haitzondo/view/1511-josu-oiartzabal-xamoa
Joxe Manuel Oiartzabal	https://bdb.bertsozale.eus/web/haitzondo/view/1512-joxe-manuel-oiartzabal
Andoni Rekondo Izagirre	https://bdb.bertsozale.eus/web/haitzondo/view/4817-andoni-rekondo-izagirre
Gorka Ojanguren	https://bdb.bertsozale.eus/web/haitzondo/view/1516-gorka-ojanguren
Iñigo Olabarri	https://bdb.bertsozale.eus/web/haitzondo/view/1517-inigo-olabarri
Iñigo Olaetxea	https://bdb.bertsozale.eus/web/haitzondo/view/1520-inigo-olaetxea
Luis Olaetxea Ubiria	https://bdb.bertsozale.eus/web/haitzondo/view/1522-luis-olaetxea-ubiria
Martin  Halsouet "Ttipi Urruñarra"	https://bdb.bertsozale.eus/web/haitzondo/view/3700-martin-halsouet-ttipi-urrunarra
Manuel  Olaizola Olaizola "Uztapide II"	https://bdb.bertsozale.eus/web/haitzondo/view/1525-manuel-olaizola-olaizola-uztapide-ii
Irati Majuelo	https://bdb.bertsozale.eus/web/haitzondo/view/3479-irati-majuelo
Manuel  Olaizola "Uztapide"	https://bdb.bertsozale.eus/web/haitzondo/view/1526-manuel-olaizola-uztapide
Eusebio  Olalde "Giputxe"	https://bdb.bertsozale.eus/web/haitzondo/view/1528-eusebio-olalde-giputxe
Antonio Olano	https://bdb.bertsozale.eus/web/haitzondo/view/1531-antonio-olano
Santiago Olasagasti	https://bdb.bertsozale.eus/web/haitzondo/view/1536-santiago-olasagasti
Bixente Olazar	https://bdb.bertsozale.eus/web/haitzondo/view/1543-bixente-olazar
Manuel Mari  Olaziregi "Bekoetxia"	https://bdb.bertsozale.eus/web/haitzondo/view/1546-manuel-mari-olaziregi-bekoetxia
Ander Oleaga	https://bdb.bertsozale.eus/web/haitzondo/view/1549-ander-oleaga
Javi Olibares	https://bdb.bertsozale.eus/web/haitzondo/view/1550-javi-olibares
Martin Oreja	https://bdb.bertsozale.eus/web/haitzondo/view/1559-martin-oreja
Juan  Ormaetxea "Taket"	https://bdb.bertsozale.eus/web/haitzondo/view/1560-juan-ormaetxea-taket
Unai Ormaetxea Zenikazelaia	https://bdb.bertsozale.eus/web/haitzondo/view/1564-unai-ormaetxea-zenikazelaia
Jon Ormazabal	https://bdb.bertsozale.eus/web/haitzondo/view/1566-jon-ormazabal
Jose  Ormazabal "Labanitza"	https://bdb.bertsozale.eus/web/haitzondo/view/1567-jose-ormazabal-labanitza
Felix  Ortuzar "Iturria II"	https://bdb.bertsozale.eus/web/haitzondo/view/1573-felix-ortuzar-iturria-ii
Joserra Etxebarria	https://bdb.bertsozale.eus/web/haitzondo/view/767-joserra-etxebarria
Faustino Etxebarria	https://bdb.bertsozale.eus/web/haitzondo/view/768-faustino-etxebarria
Alexandro Etxeberri Goienetxe	https://bdb.bertsozale.eus/web/haitzondo/view/774-alexandro-etxeberri-goienetxe
Haritz  Etxeberria "Ministro"	https://bdb.bertsozale.eus/web/haitzondo/view/776-haritz-etxeberria-ministro
Frantzisko  Etxeberria "Benta"	https://bdb.bertsozale.eus/web/haitzondo/view/777-frantzisko-etxeberria-benta
Gregorio Etxeberria	https://bdb.bertsozale.eus/web/haitzondo/view/780-gregorio-etxeberria
Inaxio  Etxeberria "Amanene"	https://bdb.bertsozale.eus/web/haitzondo/view/781-inaxio-etxeberria-amanene
Jose Inazio  Etxeberria "Merdillegi"	https://bdb.bertsozale.eus/web/haitzondo/view/783-jose-inazio-etxeberria-merdillegi
Ramon Etxeberria	https://bdb.bertsozale.eus/web/haitzondo/view/784-ramon-etxeberria
Segundo Etxeberria	https://bdb.bertsozale.eus/web/haitzondo/view/786-segundo-etxeberria
Patxi Etxeberria	https://bdb.bertsozale.eus/web/haitzondo/view/787-patxi-etxeberria
Joxe Inazio  Etxaburua "Asteasuko Itsua"	https://bdb.bertsozale.eus/web/haitzondo/view/790-joxe-inazio-etxaburua-asteasuko-itsua
Pedro Etxezarreta	https://bdb.bertsozale.eus/web/haitzondo/view/801-pedro-etxezarreta
Eusebio Ezeiza	https://bdb.bertsozale.eus/web/haitzondo/view/807-eusebio-ezeiza
Klemente  Ezkurdia "Gorriti"	https://bdb.bertsozale.eus/web/haitzondo/view/811-klemente-ezkurdia-gorriti
Txomin Ezponda	https://bdb.bertsozale.eus/web/haitzondo/view/813-txomin-ezponda
Euxebio  Fagoaga "Fagoaga I"	https://bdb.bertsozale.eus/web/haitzondo/view/815-euxebio-fagoaga-fagoaga-i
Joxemari  Fagoaga "Fagoaga II"	https://bdb.bertsozale.eus/web/haitzondo/view/816-joxemari-fagoaga-fagoaga-ii
Antton Fernandez	https://bdb.bertsozale.eus/web/haitzondo/view/817-antton-fernandez
Arantzazu Fernandez De Arroiabe	https://bdb.bertsozale.eus/web/haitzondo/view/818-arantzazu-fernandez-de-arroiabe
Jose Mari Zubinaga	https://bdb.bertsozale.eus/web/haitzondo/view/1995-jose-mari-zubinaga
Jose Zubizarreta	https://bdb.bertsozale.eus/web/haitzondo/view/2003-jose-zubizarreta
Juan Mari  Zubizarreta "Etxeberritxo"	https://bdb.bertsozale.eus/web/haitzondo/view/2004-juan-mari-zubizarreta-etxeberritxo
Luis  Zubizarreta "Otsolarre"	https://bdb.bertsozale.eus/web/haitzondo/view/2005-luis-zubizarreta-otsolarre
Rafael  Zubizarreta "Zendoia"	https://bdb.bertsozale.eus/web/haitzondo/view/2007-rafael-zubizarreta-zendoia
Tiburzio Zubizarreta	https://bdb.bertsozale.eus/web/haitzondo/view/2008-tiburzio-zubizarreta
Inazio Mari  Zubizarreta "Errementeri"	https://bdb.bertsozale.eus/web/haitzondo/view/2009-inazio-mari-zubizarreta-errementeri
Julen Zulaika	https://bdb.bertsozale.eus/web/haitzondo/view/2012-julen-zulaika
Manuel Andres  Zulaika "Untzon"	https://bdb.bertsozale.eus/web/haitzondo/view/2013-manuel-andres-zulaika-untzon
Jose Antonio Zulaika	https://bdb.bertsozale.eus/web/haitzondo/view/2015-jose-antonio-zulaika
Galder  Bilbao "Txapi"	https://bdb.bertsozale.eus/web/haitzondo/view/2026-galder-bilbao-txapi
German  Uriguen "Etxegiña"	https://bdb.bertsozale.eus/web/haitzondo/view/2030-german-uriguen-etxegia
Arkaitz  Oiartzabal "Xamoa"	https://bdb.bertsozale.eus/web/haitzondo/view/2031-arkaitz-oiartzabal-xamoa
Miel Mari  Elosegi "Luze"	https://bdb.bertsozale.eus/web/haitzondo/view/2034-miel-mari-elosegi-luze
Jon Ruiz de Pinedo	https://bdb.bertsozale.eus/web/haitzondo/view/3110-jon-ruiz-de-pinedo
Oskar Alberdi	https://bdb.bertsozale.eus/web/haitzondo/view/2054-oskar-alberdi
Iñaki Aleman	https://bdb.bertsozale.eus/web/haitzondo/view/2061-inaki-aleman
Amaia Altube	https://bdb.bertsozale.eus/web/haitzondo/view/2066-amaia-altube
Miren Amuriza	https://bdb.bertsozale.eus/web/haitzondo/view/2078-miren-amuriza
Josune Aramendi	https://bdb.bertsozale.eus/web/haitzondo/view/3191-josune-aramendi
Jose Antonio  Gesalaga "Zaldubi II"	https://bdb.bertsozale.eus/web/haitzondo/view/887-jose-antonio-gesalaga-zaldubi-ii
Xiomara Gezuraga	https://bdb.bertsozale.eus/web/haitzondo/view/891-xiomara-gezuraga
Unai Gijarro	https://bdb.bertsozale.eus/web/haitzondo/view/893-unai-guijarro
Ñarro	https://bdb.bertsozale.eus/web/haitzondo/view/895-arro
Jose Inazio  Goenaga "Gorri"	https://bdb.bertsozale.eus/web/haitzondo/view/896-jose-inazio-goenaga-gorri
Florentino Goiburu	https://bdb.bertsozale.eus/web/haitzondo/view/899-florentino-goiburu
Arkaitz Goikoetxea	https://bdb.bertsozale.eus/web/haitzondo/view/900-arkaitz-goikoetxea
Ekaitz Goikoetxea	https://bdb.bertsozale.eus/web/haitzondo/view/901-ekaitz-goikoetxea
Irati Goikoetxea	https://bdb.bertsozale.eus/web/haitzondo/view/902-irati-goikoetxea
Martin Goikoetxea	https://bdb.bertsozale.eus/web/haitzondo/view/903-martin-goikoetxea
Pello Goikoetxea	https://bdb.bertsozale.eus/web/haitzondo/view/905-pello-goikoetxea
Ibon Goikoetxea	https://bdb.bertsozale.eus/web/haitzondo/view/907-ibon-goikoetxea
Juanito  Goikoetxea "Akotei"	https://bdb.bertsozale.eus/web/haitzondo/view/911-juanito-goikoetxea-akotei
Danel Goikolea	https://bdb.bertsozale.eus/web/haitzondo/view/913-danel-goikolea
Mikel Goiriena	https://bdb.bertsozale.eus/web/haitzondo/view/915-mikel-goiriena
Andoni Goitia	https://bdb.bertsozale.eus/web/haitzondo/view/916-andoni-goitia
Iñigo Goienola	https://bdb.bertsozale.eus/web/haitzondo/view/918-inigo-goienola
Joseba Goienola	https://bdb.bertsozale.eus/web/haitzondo/view/919-joseba-goienola
Manu Gomez	https://bdb.bertsozale.eus/web/haitzondo/view/921-manu-gomez
Rikardo Gonzalez de Durana	https://bdb.bertsozale.eus/web/haitzondo/view/925-rikardo-gonzalez-de-durana
Nagore Lopez De Luzuriaga	https://bdb.bertsozale.eus/web/haitzondo/view/1327-nagore-lopez-de-luzuriaga
Serapio Lopez	https://bdb.bertsozale.eus/web/haitzondo/view/1330-serapio-lopez
Manuel  Lujanbio "Txirrita"	https://bdb.bertsozale.eus/web/haitzondo/view/1334-txirrita
Anjel Lujanbio	https://bdb.bertsozale.eus/web/haitzondo/view/1335-anjel-lujanbio
Juan Jose  Lujanbio "Saiburu"	https://bdb.bertsozale.eus/web/haitzondo/view/1336-juan-jose-lujanbio-saiburu
Maialen Lujanbio	https://bdb.bertsozale.eus/web/haitzondo/view/1338-maialen-lujanbio
Jose Antonio  Luluaga "Pello Kirten"	https://bdb.bertsozale.eus/web/haitzondo/view/1339-jose-antonio-luluaga-pello-kirten
Joakin  Luzuriaga "Segurako Itsua"	https://bdb.bertsozale.eus/web/haitzondo/view/1340-joakin-luzuriaga-segurako-itsua
Bautista Madariaga	https://bdb.bertsozale.eus/web/haitzondo/view/1341-bautista-madariaga
Xalbador Madariaga	https://bdb.bertsozale.eus/web/haitzondo/view/1342-xalbador-madariaga
Peru Magdalena	https://bdb.bertsozale.eus/web/haitzondo/view/1346-peru-magdalena
Txomin Magdalena	https://bdb.bertsozale.eus/web/haitzondo/view/1347-txomin-magdalena
Jon Maia	https://bdb.bertsozale.eus/web/haitzondo/view/1349-jon-maia
Modesto  Maiz "Okelar II"	https://bdb.bertsozale.eus/web/haitzondo/view/1351-modesto-maiz-okelar-ii
Roman  Maiz "Okelar"	https://bdb.bertsozale.eus/web/haitzondo/view/1352-roman-maiz-okelar
Franzisko Mandiola	https://bdb.bertsozale.eus/web/haitzondo/view/1359-franzisko-mandiola
Jose Antonio  Manterola "Zatain"	https://bdb.bertsozale.eus/web/haitzondo/view/1360-jose-antonio-manterola-zatain
Jaime Manterola	https://bdb.bertsozale.eus/web/haitzondo/view/1362-jaime-manterola
Markos Manterola	https://bdb.bertsozale.eus/web/haitzondo/view/1366-markos-manterola
Manuela Zubiaurre	https://bdb.bertsozale.eus/web/haitzondo/view/1367-manuela-zubiaurre
Olegario	https://bdb.bertsozale.eus/web/haitzondo/view/23-olegario
Itziartxo	https://bdb.bertsozale.eus/web/haitzondo/view/25-itziartxo
Prudentzio  Abarrategi "Besamotza"	https://bdb.bertsozale.eus/web/haitzondo/view/29-prudentzio-abarrategi-besamotza
Eneko  Abasolo "Abarkas"	https://bdb.bertsozale.eus/web/haitzondo/view/30-eneko-abasolo-abarkas
Lontxo Aburuza	https://bdb.bertsozale.eus/web/haitzondo/view/32-lontxo-aburuza
Amaia Agiriano	https://bdb.bertsozale.eus/web/haitzondo/view/41-amaia-agiriano
Amaia Agirre	https://bdb.bertsozale.eus/web/haitzondo/view/43-amaia-agirre
Manex Agirre	https://bdb.bertsozale.eus/web/haitzondo/view/44-manex-agirre
Joxe Agirre	https://bdb.bertsozale.eus/web/haitzondo/view/49-joxe-agirre
Jon Agirre Garmendia	https://bdb.bertsozale.eus/web/haitzondo/view/50-jon-agirre-garmendia
Gillen Agirre	https://bdb.bertsozale.eus/web/haitzondo/view/51-gillen-agirre
Unai Agirre Goia	https://bdb.bertsozale.eus/web/haitzondo/view/53-unai-agirre-goia
Jon Agirre Ojanguren	https://bdb.bertsozale.eus/web/haitzondo/view/61-jon-agirre-ojanguren
Bittor  Agirre "Bitti"	https://bdb.bertsozale.eus/web/haitzondo/view/62-bittor-agirre-bitti
Julen Eizagirre	https://bdb.bertsozale.eus/web/haitzondo/view/3324-julen-eizagirre
Iker Agirre	https://bdb.bertsozale.eus/web/haitzondo/view/63-iker-agirre
Zeferino Agirre	https://bdb.bertsozale.eus/web/haitzondo/view/69-zeferino-agirre
Ainhoa Agirreazaldegi	https://bdb.bertsozale.eus/web/haitzondo/view/72-ainhoa-agirreazaldegi
Julen Agirreburualde	https://bdb.bertsozale.eus/web/haitzondo/view/75-julen-agirreburualde
Mikel Aiertza	https://bdb.bertsozale.eus/web/haitzondo/view/89-mikel-aiertza
Fredi Paia	https://bdb.bertsozale.eus/web/haitzondo/view/1614-fredi-paia
Itxaso Paia	https://bdb.bertsozale.eus/web/haitzondo/view/1615-itxaso-paia
Xabi Paya	https://bdb.bertsozale.eus/web/haitzondo/view/1616-xabi-paya
Frantses Txikia	https://bdb.bertsozale.eus/web/haitzondo/view/1619-frantses-txikia
Pello Mari  Etxaburua "Asteasuko Itsua"	https://bdb.bertsozale.eus/web/haitzondo/view/1620-pello-mari-etxaburua-asteasuko-itsua
Jazinta Arruti	https://bdb.bertsozale.eus/web/haitzondo/view/4573-jazinta-arruti
Anjel Mari Peñagarikano	https://bdb.bertsozale.eus/web/haitzondo/view/1624-anjel-mari-penagarikano
Oihane Perea	https://bdb.bertsozale.eus/web/haitzondo/view/1625-oihane-perea
Olatz Perea	https://bdb.bertsozale.eus/web/haitzondo/view/1626-olatz-perea
Aitziber Perez De Karkamo	https://bdb.bertsozale.eus/web/haitzondo/view/1627-aitziber-perez-de-karkamo
Xabier  "Euzkitze"	https://bdb.bertsozale.eus/web/haitzondo/view/1628-xabier-euzkitze
Bautista Perurena	https://bdb.bertsozale.eus/web/haitzondo/view/1631-bautista-perurena
Estanis Perurena	https://bdb.bertsozale.eus/web/haitzondo/view/1632-estanis-perurena
Juan Perurena	https://bdb.bertsozale.eus/web/haitzondo/view/1634-juan-perurena
Pello Perurena	https://bdb.bertsozale.eus/web/haitzondo/view/1636-pello-perurena
Bingen Sainz	https://bdb.bertsozale.eus/web/haitzondo/view/3118-bingen-sainz
Juan Frantzisko  Petriarena "Xenpelar"	https://bdb.bertsozale.eus/web/haitzondo/view/1640-juan-frantzisko-petriarena-xenpelar
Iñaki Petxarroman	https://bdb.bertsozale.eus/web/haitzondo/view/1643-inaki-petxarroman
Iñaki Plazaola	https://bdb.bertsozale.eus/web/haitzondo/view/1647-inaki-plazaola
Pudent	https://bdb.bertsozale.eus/web/haitzondo/view/1653-pudent
Manuel Basabe	https://bdb.bertsozale.eus/web/haitzondo/view/448-manuel-basabe
Juanjo Basterra	https://bdb.bertsozale.eus/web/haitzondo/view/454-juanjo-basterra
Iñaki Basterretxea	https://bdb.bertsozale.eus/web/haitzondo/view/458-inaki-basterretxea
Aitor Basterretxea	https://bdb.bertsozale.eus/web/haitzondo/view/459-aitor-basterretxea
Miguel De Basterretxea	https://bdb.bertsozale.eus/web/haitzondo/view/462-miguel-de-basterretxea
Juan Inazio Begiristain	https://bdb.bertsozale.eus/web/haitzondo/view/468-juan-inazio-begiristain
Joxe Ramon Beitia	https://bdb.bertsozale.eus/web/haitzondo/view/473-joxe-ramon-beitia
Santi  Belar "Begi"	https://bdb.bertsozale.eus/web/haitzondo/view/475-santi-belar-begi
Patxi  Belauzaran "Patxi Bakallo"	https://bdb.bertsozale.eus/web/haitzondo/view/477-patxi-belauzaran-patxi-bakallo
Patxi  Beldarrain "Patxi Errekondo"	https://bdb.bertsozale.eus/web/haitzondo/view/478-patxi-beldarrain-patxi-errekondo
Iraitz Beldarrain	https://bdb.bertsozale.eus/web/haitzondo/view/479-iraitz-beldarrain
Juan Kruz  Beloki "Motza"	https://bdb.bertsozale.eus/web/haitzondo/view/482-juan-kruz-beloki-motza
Patxi Beloki	https://bdb.bertsozale.eus/web/haitzondo/view/487-patxi-beloki
Pernando Amezketarra	https://bdb.bertsozale.eus/web/haitzondo/view/490-pernando-amezketarra
Jose Antonio  Bengoetxea "Ardotx"	https://bdb.bertsozale.eus/web/haitzondo/view/492-jose-antonio-bengoetxea-ardotx
Juan Antonio  Bengoetxea "Anttoniyo"	https://bdb.bertsozale.eus/web/haitzondo/view/493-juan-antonio-bengoetxea-anttoniyo
Juana Joxepa  Bengoetxea "Andre Haundia"	https://bdb.bertsozale.eus/web/haitzondo/view/494-juana-joxepa-bengoetxea-andre-haundia
Esteban  Bengoetxea "Aintzira"	https://bdb.bertsozale.eus/web/haitzondo/view/495-esteban-bengoetxea-aintzira
Inazio  Berasarte "Elio"	https://bdb.bertsozale.eus/web/haitzondo/view/501-inazio-berasarte-elio
Leon Bereau Iparragirre	https://bdb.bertsozale.eus/web/haitzondo/view/509-leon-bereau-iparragirre
Julen Arzanegi	https://bdb.bertsozale.eus/web/haitzondo/view/707-julen-arzanegi
Mixel  Erramouspe "Ohako"	https://bdb.bertsozale.eus/web/haitzondo/view/711-mixel-erramouspe-ohako
Jose Joakin  Erroizenea "Txabalategi"	https://bdb.bertsozale.eus/web/haitzondo/view/721-jose-joakin-erroizenea-txabalategi
Jesus  Eskisabel "Jainkoa"	https://bdb.bertsozale.eus/web/haitzondo/view/724-jesus-eskisabel-jainkoa
Paula Amilburu	https://bdb.bertsozale.eus/web/haitzondo/view/3217-paula-amilburu
Migel Esnaola	https://bdb.bertsozale.eus/web/haitzondo/view/732-migel-esnaola
Malen Amenabar	https://bdb.bertsozale.eus/web/haitzondo/view/3216-malen-amenabar
Ibai Esoain	https://bdb.bertsozale.eus/web/haitzondo/view/735-ibai-esoain
Oskar Estanga	https://bdb.bertsozale.eus/web/haitzondo/view/737-oskar-estanga
Igor Estankona	https://bdb.bertsozale.eus/web/haitzondo/view/738-igor-estankona
Arkaitz Estiballes	https://bdb.bertsozale.eus/web/haitzondo/view/739-arkaitz-estiballes
Joan  Etxamendi "Bordel"	https://bdb.bertsozale.eus/web/haitzondo/view/741-jean-etxamendi-bordel
Jesus  Etxabe "Errezabal"	https://bdb.bertsozale.eus/web/haitzondo/view/744-jesus-etxabe-errezabal
Inaxi Etxabe	https://bdb.bertsozale.eus/web/haitzondo/view/745-inaxi-etxabe
Xabier  Etxabe "Armendia"	https://bdb.bertsozale.eus/web/haitzondo/view/753-xabier-etxabe-armendia
Joxe Mari Etxaluze	https://bdb.bertsozale.eus/web/haitzondo/view/755-joxe-mari-etxaluze
Txato Etxaniz	https://bdb.bertsozale.eus/web/haitzondo/view/757-txato-etxaniz
Anton Etxaniz	https://bdb.bertsozale.eus/web/haitzondo/view/759-anton-etxaniz
Joanes Etxarren	https://bdb.bertsozale.eus/web/haitzondo/view/763-joanes-etxarren
Xalbador Etxarte	https://bdb.bertsozale.eus/web/haitzondo/view/766-xalbador-etxarte
Jose  Lasarte "Ankamotz"	https://bdb.bertsozale.eus/web/haitzondo/view/1231-jose-lasarte-ankamotz
Frantzisko Latasa	https://bdb.bertsozale.eus/web/haitzondo/view/1233-frantzisko-latasa
Jose Antonio Lazkano	https://bdb.bertsozale.eus/web/haitzondo/view/1237-jose-antonio-lazkano
Gorka Lazkano	https://bdb.bertsozale.eus/web/haitzondo/view/1238-gorka-lazkano
Imanol Lazkano	https://bdb.bertsozale.eus/web/haitzondo/view/1240-imanol-lazkano
Eneko Lazkoz	https://bdb.bertsozale.eus/web/haitzondo/view/1241-eneko-lazkoz
Xabier  Legarreta "Arano"	https://bdb.bertsozale.eus/web/haitzondo/view/1245-xabier-legarreta-arano
Asier Legarreta	https://bdb.bertsozale.eus/web/haitzondo/view/1246-asier-legarreta
Joxema Leitza Razkin	https://bdb.bertsozale.eus/web/haitzondo/view/1249-joxema-leitza-razkin
Etxahun Lekue	https://bdb.bertsozale.eus/web/haitzondo/view/1255-etxahun-lekue
Jose Luis  Lekuona "Lexoti II"	https://bdb.bertsozale.eus/web/haitzondo/view/1260-jose-luis-lekuona-lexoti-ii
Juan Antonio  Lekuona "Kuxkullu"	https://bdb.bertsozale.eus/web/haitzondo/view/1266-juan-antonio-lekuona-kuxkullu
Juan Manuel Lertxundi	https://bdb.bertsozale.eus/web/haitzondo/view/1270-juan-manuel-lertxundi
Maria Josefa Lertxundi	https://bdb.bertsozale.eus/web/haitzondo/view/1271-maria-josefa-lertxundi
Prantzisko Mari Lertxundi	https://bdb.bertsozale.eus/web/haitzondo/view/1275-prantzisko-mari-lertxundi
Joxe Mari Lertxundi	https://bdb.bertsozale.eus/web/haitzondo/view/1276-joxe-mari-lertxundi
Joxe Mari Estra	https://bdb.bertsozale.eus/web/haitzondo/view/1277-joxe-mari-estra
Maximo Letona	https://bdb.bertsozale.eus/web/haitzondo/view/1281-maximo-letona
Juan Lezea	https://bdb.bertsozale.eus/web/haitzondo/view/1286-juan-lezea
Luis  Ligetx "Larrautarra"	https://bdb.bertsozale.eus/web/haitzondo/view/1287-luis-ligetx-larrautarra
Paule Ixiar Loizaga	https://bdb.bertsozale.eus/web/haitzondo/view/3829-paule-ixiar-loizaga
Iker Garitagoitia	https://bdb.bertsozale.eus/web/haitzondo/view/3833-iker-garitagoitia
Joxepa Zubeldia	https://bdb.bertsozale.eus/web/haitzondo/view/3835-joxepa-zubeldia
Iñaki Lertxundi	https://bdb.bertsozale.eus/web/haitzondo/view/3838-inaki-lertxundi
Maria Fuentes	https://bdb.bertsozale.eus/web/haitzondo/view/3839-maria-fuentes
Txaber Errasti	https://bdb.bertsozale.eus/web/haitzondo/view/3840-txaber-errasti
Martin Mimentza	https://bdb.bertsozale.eus/web/haitzondo/view/3841-martin-mimentza
Joritz Bastarrika	https://bdb.bertsozale.eus/web/haitzondo/view/3863-joritz-bastarrika
Plazida Otaño	https://bdb.bertsozale.eus/web/haitzondo/view/3865-plazida-otano
Maider Arregi Markuleta	https://bdb.bertsozale.eus/web/haitzondo/view/3866-maider-arregi-markuleta
Eneko  Araiztegi "Korta"	https://bdb.bertsozale.eus/web/haitzondo/view/3870-eneko-araiztegi-korta
Mikel Tapia	https://bdb.bertsozale.eus/web/haitzondo/view/3873-mikel-tapia
Markel Eizagirre	https://bdb.bertsozale.eus/web/haitzondo/view/3975-markel-eizagirre
Ander Baiano	https://bdb.bertsozale.eus/web/haitzondo/view/3984-ander-baiano
Ane Beloki	https://bdb.bertsozale.eus/web/haitzondo/view/4002-ane-beloki
Miguel Angel Ortiz de Guzman	https://bdb.bertsozale.eus/web/haitzondo/view/4008-miguel-angel-ortiz-de-guzman
Kerman Diaz	https://bdb.bertsozale.eus/web/haitzondo/view/4013-kerman-diaz
Unai Etxenausia	https://bdb.bertsozale.eus/web/haitzondo/view/4015-unai-etxenausia
Unai Mendiburu	https://bdb.bertsozale.eus/web/haitzondo/view/4027-unai-mendiburu
Bittor Altube	https://bdb.bertsozale.eus/web/haitzondo/view/4035-bittor-altube
Gurutz Azkarate	https://bdb.bertsozale.eus/web/haitzondo/view/398-gurutz-azkarate
Gorka Azkarate Torner	https://bdb.bertsozale.eus/web/haitzondo/view/400-gorka-azkarate-torner
Eneritz Azkue	https://bdb.bertsozale.eus/web/haitzondo/view/403-eneritz-azkue
Joxepa Inazi Azkune	https://bdb.bertsozale.eus/web/haitzondo/view/4559-joxepa-inazi-azkune
Domingo  Azpiazu "Gorra"	https://bdb.bertsozale.eus/web/haitzondo/view/412-domingo-azpiazu-gorra
Bernardo Azpillaga	https://bdb.bertsozale.eus/web/haitzondo/view/414-bernardo-azpillaga
Tomas Azpillaga	https://bdb.bertsozale.eus/web/haitzondo/view/415-tomas-azpillaga
Jon Azpillaga	https://bdb.bertsozale.eus/web/haitzondo/view/416-jon-azpillaga
Martin Azpiroz	https://bdb.bertsozale.eus/web/haitzondo/view/419-martin-azpiroz
Mirari Azula	https://bdb.bertsozale.eus/web/haitzondo/view/420-mirari-azula
Oier Azula	https://bdb.bertsozale.eus/web/haitzondo/view/421-oier-azula
Lazaro Azurmendi	https://bdb.bertsozale.eus/web/haitzondo/view/423-lazaro-azurmendi
Fernando Badiola	https://bdb.bertsozale.eus/web/haitzondo/view/426-fernando-badiola
Joseba Barandiaran	https://bdb.bertsozale.eus/web/haitzondo/view/428-joseba-barandiaran
Felipe Barandiaran	https://bdb.bertsozale.eus/web/haitzondo/view/433-felipe-barandiaran
Bitoriano Barrena	https://bdb.bertsozale.eus/web/haitzondo/view/440-bitoriano-barrena
Ion Barrocal	https://bdb.bertsozale.eus/web/haitzondo/view/442-ion-barrocal
Odei Barroso	https://bdb.bertsozale.eus/web/haitzondo/view/443-odei-barroso
Bartolo	https://bdb.bertsozale.eus/web/haitzondo/view/444-bartolo
Oihana Bartra	https://bdb.bertsozale.eus/web/haitzondo/view/445-oihana-bartra
Kepa Urrutikoetxea	https://bdb.bertsozale.eus/web/haitzondo/view/1890-kepa-urrutikoetxea
Urtzi Urrutikoetxea	https://bdb.bertsozale.eus/web/haitzondo/view/1891-urtzi-urrutikoetxea
Trinidad Urtasun Martoret	https://bdb.bertsozale.eus/web/haitzondo/view/1893-trinidad-urtasun-martoret
Joxe  Usabiaga "Zamalbide"	https://bdb.bertsozale.eus/web/haitzondo/view/1897-joxe-usabiaga-zamalbide
Aitor Usandizaga	https://bdb.bertsozale.eus/web/haitzondo/view/1898-aitor-usandizaga
Iñaki Viñaspre	https://bdb.bertsozale.eus/web/haitzondo/view/1907-inaki-vinaspre
Xemartin  Hoditeikoa "Xetre"	https://bdb.bertsozale.eus/web/haitzondo/view/1909-xemartin-hoditeikoa-xetre
Iratxe Yañez	https://bdb.bertsozale.eus/web/haitzondo/view/1910-iratxe-yaez
Jose Zabala	https://bdb.bertsozale.eus/web/haitzondo/view/1916-jose-zabala
Juan Inazio Zabala	https://bdb.bertsozale.eus/web/haitzondo/view/1917-juan-inazio-zabala
Xanti  Zabala "Lexo"	https://bdb.bertsozale.eus/web/haitzondo/view/1919-xanti-zabala-lexo
Eneritz Zabaleta	https://bdb.bertsozale.eus/web/haitzondo/view/1923-eneritz-zabaleta
Juan Zabaleta	https://bdb.bertsozale.eus/web/haitzondo/view/1926-juan-zabaleta
Juan  Zabaleta	https://bdb.bertsozale.eus/web/haitzondo/view/1927-juan-zabaleta
Pello  Zabaleta Lekuona	https://bdb.bertsozale.eus/web/haitzondo/view/1928-pello-zabaleta-lekuona
Miel Zabaleta	https://bdb.bertsozale.eus/web/haitzondo/view/1929-miel-zabaleta
Beñat Zalakain	https://bdb.bertsozale.eus/web/haitzondo/view/3621-beat-zalakain
Matxalen Zabaljauregi	https://bdb.bertsozale.eus/web/haitzondo/view/1932-matxalen-zabaljauregi
Ion Zaldua	https://bdb.bertsozale.eus/web/haitzondo/view/1933-ion-zaldua
Oier Arbina	https://bdb.bertsozale.eus/web/haitzondo/view/3112-oier-arbina
Unai Gomez	https://bdb.bertsozale.eus/web/haitzondo/view/3380-unai-gomez
Iñigo  Gorostarzu "Etxorde"	https://bdb.bertsozale.eus/web/haitzondo/view/2839-inigo-gorostarzu-etxorde
Ane Labaka Mayoz	https://bdb.bertsozale.eus/web/haitzondo/view/2856-ane-labaka-mayoz
Ibon  Larrazabal "Larra"	https://bdb.bertsozale.eus/web/haitzondo/view/2918-ibon-larrazabal-larra
Jon Sanchez Alonso	https://bdb.bertsozale.eus/web/haitzondo/view/2928-jon-sanchez-alonso
Beñat Iguaran	https://bdb.bertsozale.eus/web/haitzondo/view/2937-benat-iguaran
Jon Barberena	https://bdb.bertsozale.eus/web/haitzondo/view/2938-jon-barberena
Eñaut Uriarte	https://bdb.bertsozale.eus/web/haitzondo/view/2940-eaut-uriarte
Charles Uhalde	https://bdb.bertsozale.eus/web/haitzondo/view/3148-charles-uhalde
Unai Atxa	https://bdb.bertsozale.eus/web/haitzondo/view/2953-unai-atxa
Endika Igartzabal Murua	https://bdb.bertsozale.eus/web/haitzondo/view/2969-endika-igartzabal-murua
Ekaitz Samaniego	https://bdb.bertsozale.eus/web/haitzondo/view/2975-ekaitz-samaniego
Ander Solozabal	https://bdb.bertsozale.eus/web/haitzondo/view/2976-ander-solozabal
Eneritz Arzallus	https://bdb.bertsozale.eus/web/haitzondo/view/2983-eneritz-arzallus
Nekane Zinkunegi	https://bdb.bertsozale.eus/web/haitzondo/view/2984-nekane-zinkunegi
Beñat Alberdi	https://bdb.bertsozale.eus/web/haitzondo/view/2991-benat-alberdi
Inazio Vidal	https://bdb.bertsozale.eus/web/haitzondo/view/3004-inazio-vidal
Peio Arondo	https://bdb.bertsozale.eus/web/haitzondo/view/3007-peio-arondo
Ander  Fuentes "Itturri"	https://bdb.bertsozale.eus/web/haitzondo/view/3012-ander-itturri
Beñat Goitia	https://bdb.bertsozale.eus/web/haitzondo/view/3013-benat-goitia
Mirari Martiarena	https://bdb.bertsozale.eus/web/haitzondo/view/2504-mirari-martiarena
Alaia Martin	https://bdb.bertsozale.eus/web/haitzondo/view/2507-alaia-martin
Jon Martin	https://bdb.bertsozale.eus/web/haitzondo/view/2508-jon-martin
Izar Mendiguren	https://bdb.bertsozale.eus/web/haitzondo/view/2516-izar-mendiguren
Karmele Mitxelena	https://bdb.bertsozale.eus/web/haitzondo/view/2521-karmele-mitxelena
Ortzi Murua	https://bdb.bertsozale.eus/web/haitzondo/view/2540-ortzi-murua
Asier Oiarbide	https://bdb.bertsozale.eus/web/haitzondo/view/2549-asier-oiarbide
Josu Ormaetxea	https://bdb.bertsozale.eus/web/haitzondo/view/2554-josu-ormaetxea
Jagoba Pereda	https://bdb.bertsozale.eus/web/haitzondo/view/2576-jagoba-pereda
Lur Renteria	https://bdb.bertsozale.eus/web/haitzondo/view/2589-lur-renteria
Diego Riaño	https://bdb.bertsozale.eus/web/haitzondo/view/2592-diego-riano
Beñat Romero	https://bdb.bertsozale.eus/web/haitzondo/view/2595-benat-romero
Manex Sagarna	https://bdb.bertsozale.eus/web/haitzondo/view/2598-manex-sagarna
Garikoitz Salcedo	https://bdb.bertsozale.eus/web/haitzondo/view/2603-garikoitz-salcedo
Josu Sanjurjo	https://bdb.bertsozale.eus/web/haitzondo/view/2606-josu-sanjurjo
Iraia Sasieta	https://bdb.bertsozale.eus/web/haitzondo/view/2611-iraia-sasieta
Julio Soto	https://bdb.bertsozale.eus/web/haitzondo/view/2621-julio-soto
Jokin Sudupe	https://bdb.bertsozale.eus/web/haitzondo/view/2622-jokin-sudupe
Maddi Ane Txoperena	https://bdb.bertsozale.eus/web/haitzondo/view/2632-maddi-ane-txoperena
Alazne Untxalo	https://bdb.bertsozale.eus/web/haitzondo/view/2637-alazne-untxalo
Esti Saratxo	https://bdb.bertsozale.eus/web/haitzondo/view/3016-esti-saratxo
Adur Gorostidi Urkia	https://bdb.bertsozale.eus/web/haitzondo/view/3017-adur-gorostidi-urkia
Jon Arano	https://bdb.bertsozale.eus/web/haitzondo/view/3025-jon-arano
Ekain  Landa "Txispain"	https://bdb.bertsozale.eus/web/haitzondo/view/3030-ekain-landa-txispain
Illart Gumuzio	https://bdb.bertsozale.eus/web/haitzondo/view/3033-illart-gumuzio
Jon Martinez Beaskoetxea	https://bdb.bertsozale.eus/web/haitzondo/view/3034-jon-martinez-beaskoetxea
Aitor Arrutia	https://bdb.bertsozale.eus/web/haitzondo/view/3035-aitor-arrutia
Arkaitz Zipitria	https://bdb.bertsozale.eus/web/haitzondo/view/3036-arkaitz-zipitria
Aitor  Arrizubieta "Toko"	https://bdb.bertsozale.eus/web/haitzondo/view/3038-aitor-arrizubieta-toko
Egoitz Gorosterrazu	https://bdb.bertsozale.eus/web/haitzondo/view/3039-egoitz-gorosterrazu
Patxi Castillo	https://bdb.bertsozale.eus/web/haitzondo/view/3040-patxi-castillo
Jose Mari Garate	https://bdb.bertsozale.eus/web/haitzondo/view/3362-jose-mari-garate
Mikel Artola	https://bdb.bertsozale.eus/web/haitzondo/view/3047-mikel-artola
Saioa Alkaiza	https://bdb.bertsozale.eus/web/haitzondo/view/3048-saioa-alkaiza
Peio Ormazabal	https://bdb.bertsozale.eus/web/haitzondo/view/3051-peio-ormazabal
Julen Agirre	https://bdb.bertsozale.eus/web/haitzondo/view/3054-julen-agirre
Imanol Arrutia	https://bdb.bertsozale.eus/web/haitzondo/view/3070-imanol-arrutia
Oihana Iguaran	https://bdb.bertsozale.eus/web/haitzondo/view/3071-oihana-iguaran
Maddi Sarasua Laskarai	https://bdb.bertsozale.eus/web/haitzondo/view/3076-maddi-sarasua-laskarai
Aitor Esteban	https://bdb.bertsozale.eus/web/haitzondo/view/3087-aitor-esteban
Ainara Ieregi	https://bdb.bertsozale.eus/web/haitzondo/view/3394-ainara-ieregi
Joanes Illarregi	https://bdb.bertsozale.eus/web/haitzondo/view/3397-joanes-illarregi
Juan  Gabiola	https://bdb.bertsozale.eus/web/haitzondo/view/4692-juan-gabiola
Maria Izaga	https://bdb.bertsozale.eus/web/haitzondo/view/3428-maria-izaga
Inazio Antonio  Izagirre "Itxaspe"	https://bdb.bertsozale.eus/web/haitzondo/view/3429-inazio-antonio-izagirre-itxaspe
Jone Larrinaga	https://bdb.bertsozale.eus/web/haitzondo/view/3453-jone-larrinaga
Xabi Maia	https://bdb.bertsozale.eus/web/haitzondo/view/3477-xabi-maia
Maialen Mateo	https://bdb.bertsozale.eus/web/haitzondo/view/3489-maialen-mateo
Koldo Muñiz	https://bdb.bertsozale.eus/web/haitzondo/view/3509-koldo-muniz
Andoni Murga	https://bdb.bertsozale.eus/web/haitzondo/view/3510-andoni-murga
Amaia Otsoa	https://bdb.bertsozale.eus/web/haitzondo/view/3533-amaia-otsoa
Eustakio  "Eulea"	https://bdb.bertsozale.eus/web/haitzondo/view/3534-eustakio-eulea
Kotte Plaza	https://bdb.bertsozale.eus/web/haitzondo/view/3542-kotte-plaza
Uxue Ruiz de Arkaute	https://bdb.bertsozale.eus/web/haitzondo/view/3554-uxue-ruiz-de-arkaute
Aitor Servier	https://bdb.bertsozale.eus/web/haitzondo/view/3579-aitor-servier
Iñaki Tena	https://bdb.bertsozale.eus/web/haitzondo/view/3588-iaki-tena
Ane Zuazubiskar Iñarra	https://bdb.bertsozale.eus/web/haitzondo/view/3630-ane-zuazubiskar-inarra
Iker Olabarrieta	https://bdb.bertsozale.eus/web/haitzondo/view/3757-iker-olabarrieta
Unai Bengoetxea	https://bdb.bertsozale.eus/web/haitzondo/view/3758-unai-bengoetxea
Xabi Lopez de Santiago	https://bdb.bertsozale.eus/web/haitzondo/view/3769-xabi-lopez-de-santiago
Asier Bergaretxe	https://bdb.bertsozale.eus/web/haitzondo/view/511-asier-bergaretxe
Jose Maria  Berra "Telaetxipi"	https://bdb.bertsozale.eus/web/haitzondo/view/515-jose-maria-berra-telaetxipi
Xabier  Bidaburu "Txirri"	https://bdb.bertsozale.eus/web/haitzondo/view/523-xabier-bidaburu-txirri
Antonio Bidaola	https://bdb.bertsozale.eus/web/haitzondo/view/525-antonio-bidaola
Leire Bilbao	https://bdb.bertsozale.eus/web/haitzondo/view/537-leire-bilbao
Urki Bilbao	https://bdb.bertsozale.eus/web/haitzondo/view/538-urki-bilbao
Joserra Bilbao	https://bdb.bertsozale.eus/web/haitzondo/view/542-joserra-bilbao
Sabino Bilbao	https://bdb.bertsozale.eus/web/haitzondo/view/543-sabino-bilbao
Pedro  Bizkarguenaga "Bizkar"	https://bdb.bertsozale.eus/web/haitzondo/view/545-pedro-bizkarguenaga-bizkar
Beñat  Burgi "Bonbila"	https://bdb.bertsozale.eus/web/haitzondo/view/3307-beat-burgi-bonbila
Indalezio  Bizkarrondo "Bilintx"	https://bdb.bertsozale.eus/web/haitzondo/view/546-indalezio-bizkarrondo-bilintx
Joxe Blanco	https://bdb.bertsozale.eus/web/haitzondo/view/547-joxe-blanco
Itxaro Borda	https://bdb.bertsozale.eus/web/haitzondo/view/548-itxaro-borda
Etxahun Iruri	https://bdb.bertsozale.eus/web/haitzondo/view/550-etxahun-iruri
Nerea Bruño	https://bdb.bertsozale.eus/web/haitzondo/view/551-nerea-bruno
Jose Burgoa Pagate	https://bdb.bertsozale.eus/web/haitzondo/view/555-jose-burgoa-pagate
Idoia Anzorandia	https://bdb.bertsozale.eus/web/haitzondo/view/3226-idoia-anzorandia
Piarres  Capdeville "Kattabil"	https://bdb.bertsozale.eus/web/haitzondo/view/564-piarres-capdeville-kattabil
Dani Castaño	https://bdb.bertsozale.eus/web/haitzondo/view/566-dani-castao
Jokin Castaños	https://bdb.bertsozale.eus/web/haitzondo/view/567-jokin-castanos
Mari Luixa Erdozio	https://bdb.bertsozale.eus/web/haitzondo/view/3771-mari-luixa-erdozio
Mariana Hargain	https://bdb.bertsozale.eus/web/haitzondo/view/3772-mariana-hargain
Aña Etxegarai	https://bdb.bertsozale.eus/web/haitzondo/view/3784-ana-etxegarai
Nikolas Sorozabal	https://bdb.bertsozale.eus/web/haitzondo/view/3789-nikolas-sorozabal
Joxe Sorozabal	https://bdb.bertsozale.eus/web/haitzondo/view/3790-joxe-sorozabal
Eneko Fernandez	https://bdb.bertsozale.eus/web/haitzondo/view/3793-eneko-fernandez
Maite Murga	https://bdb.bertsozale.eus/web/haitzondo/view/3797-maite-murga
Asier Rubio	https://bdb.bertsozale.eus/web/haitzondo/view/3798-asier-rubio
Irati Ruiz de Pinedo	https://bdb.bertsozale.eus/web/haitzondo/view/3799-irati-ruiz-de-pinedo
Unai Argote	https://bdb.bertsozale.eus/web/haitzondo/view/3800-unai-argote
Kalisto Medrano	https://bdb.bertsozale.eus/web/haitzondo/view/3801-kalisto-medrano
Manuel  Zialzeta "Manu Zaharra"	https://bdb.bertsozale.eus/web/haitzondo/view/3804-manuel-zialzeta-manu-zaharra
Roke Alberdi	https://bdb.bertsozale.eus/web/haitzondo/view/3817-roke-alberdi
Eneko Aldana	https://bdb.bertsozale.eus/web/haitzondo/view/3819-eneko-aldana
Aitor Bizkarra	https://bdb.bertsozale.eus/web/haitzondo/view/3820-aitor-bizkarra
Irati Bernaola	https://bdb.bertsozale.eus/web/haitzondo/view/3822-irati-bernaola
Leire Portugués	https://bdb.bertsozale.eus/web/haitzondo/view/3823-leire-portugus
Ander Ucelay	https://bdb.bertsozale.eus/web/haitzondo/view/3824-ander-ucelay
Asier Alcedo	https://bdb.bertsozale.eus/web/haitzondo/view/3825-asier-alcedo
Peru De Pedro	https://bdb.bertsozale.eus/web/haitzondo/view/3828-peru-de-pedro
Iruri Altzerreka	https://bdb.bertsozale.eus/web/haitzondo/view/4037-iruri-altzerreka
Aroa Arrizubieta	https://bdb.bertsozale.eus/web/haitzondo/view/4038-aroa-arrizubieta
Beñat Bilbao	https://bdb.bertsozale.eus/web/haitzondo/view/4041-benat-bilbao
Libe Goenaga	https://bdb.bertsozale.eus/web/haitzondo/view/4043-libe-goenaga
Xabat Illarregi	https://bdb.bertsozale.eus/web/haitzondo/view/4045-xabat-illarregi
Ane Peñagarikano	https://bdb.bertsozale.eus/web/haitzondo/view/4048-ane-penagarikano
Aitor Ugarte	https://bdb.bertsozale.eus/web/haitzondo/view/4051-aitor-ugarte
Lurdes Ondaro	https://bdb.bertsozale.eus/web/haitzondo/view/4058-lurdes-ondaro
Iraitz Mateo	https://bdb.bertsozale.eus/web/haitzondo/view/4059-iraitz-mateo
Ander Anakabe	https://bdb.bertsozale.eus/web/haitzondo/view/4089-ander-anakabe
Enare Muniategi	https://bdb.bertsozale.eus/web/haitzondo/view/4091-enare-muniategi
Martin Berrizbeitia	https://bdb.bertsozale.eus/web/haitzondo/view/4098-martin-berrizbeitia
Igor Galarza	https://bdb.bertsozale.eus/web/haitzondo/view/4099-igor-galarza
Joana Ziganda	https://bdb.bertsozale.eus/web/haitzondo/view/4102-joana-ziganda
Peio Azkarate	https://bdb.bertsozale.eus/web/haitzondo/view/4106-peio-azkarate
Saats Karasatorre	https://bdb.bertsozale.eus/web/haitzondo/view/4108-saats-karasatorre
Gontzal Belategi	https://bdb.bertsozale.eus/web/haitzondo/view/4110-gontzal-belategi
Aitor Ruiz	https://bdb.bertsozale.eus/web/haitzondo/view/4116-aitor-ruiz
Aritz Landeta	https://bdb.bertsozale.eus/web/haitzondo/view/4117-aritz-landeta
Markel Baroja	https://bdb.bertsozale.eus/web/haitzondo/view/4120-markel-baroja
Endika Legarra	https://bdb.bertsozale.eus/web/haitzondo/view/3464-endika-legarra
Moises Jaso	https://bdb.bertsozale.eus/web/haitzondo/view/1132-moises-jaso
Jexux Mari  Jauregi "Altzo Txiki"	https://bdb.bertsozale.eus/web/haitzondo/view/1134-jexux-mari-jauregi-altzo-txiki
Inazio Jauregi	https://bdb.bertsozale.eus/web/haitzondo/view/1135-inazio-jauregi
Joakin Mari  Jauregi "Panderi"	https://bdb.bertsozale.eus/web/haitzondo/view/1139-joakin-mari-jauregi-panderi
Amaia Jauregizar	https://bdb.bertsozale.eus/web/haitzondo/view/1142-amaia-jauregizar
Alfonso Jimenez	https://bdb.bertsozale.eus/web/haitzondo/view/1144-alfonso-jimenez
Jose Manuel  "Artzai Txikia"	https://bdb.bertsozale.eus/web/haitzondo/view/1147-jose-manuel-artzai-txikia
Hondarribiko Joxepa	https://bdb.bertsozale.eus/web/haitzondo/view/1150-hondarribiko-joxepa
Juan Mari Juaristi	https://bdb.bertsozale.eus/web/haitzondo/view/1151-juan-mari-juaristi
Joxe Mari Atano	https://bdb.bertsozale.eus/web/haitzondo/view/1152-joxe-mari-atano
Juan Mari Atano	https://bdb.bertsozale.eus/web/haitzondo/view/1153-juan-mari-atano
Justo	https://bdb.bertsozale.eus/web/haitzondo/view/1157-justo
Lino Kalonje	https://bdb.bertsozale.eus/web/haitzondo/view/1158-lino-kalonje
Manex  Etxeto "Katxo"	https://bdb.bertsozale.eus/web/haitzondo/view/3655-manex-etxeto-katxo
Ibon Karrera	https://bdb.bertsozale.eus/web/haitzondo/view/1163-ibon-karrera
Pedro Kastrejana	https://bdb.bertsozale.eus/web/haitzondo/view/1164-pedro-kastrejana
Anjel Korkostegi	https://bdb.bertsozale.eus/web/haitzondo/view/1169-anjel-korkostegi
Jesus  Kortabarria "Kaxeta"	https://bdb.bertsozale.eus/web/haitzondo/view/1170-jesus-kortabarria-kaxeta
Bautista  Kortajarena "Ondartza"	https://bdb.bertsozale.eus/web/haitzondo/view/1171-bautista-kortajarena-ondartza
